{"type": "FeatureCollection", "features": [{"type": "Feature", "geometry": {"type": "MultiPolygon", "coordinates": [[[[-87.6744075678037, 41.976103404416754], [-87.67440395329793, 41.97601526547697], [-87.67439621658549, 41.975659847114116], [-87.67438752042581, 41.97527264537794], [-87.67438535216698, 41.97518520297189], [-87.67438323432617, 41.97509979101363], [-87.67437113705498, 41.9747214609279], [-87.67435938018748, 41.97435649702986], [-87.67435669303522, 41.97427865606067], [-87.67435450987112, 41.97421538969175], [-87.6743540823928, 41.974046344441945], [-87.67434889711187, 41.973846536821206], [-87.67434821659737, 41.97382029834974], [-87.6743445549568, 41.97367917049432], [-87.67433814549054, 41.97345542639589], [-87.67431267854282, 41.97336812381407], [-87.67428515119589, 41.97327375817101], [-87.67427745231201, 41.972943284370515], [-87.67426654373976, 41.972553215774084], [-87.67426430283753, 41.97247316112314], [-87.67425498758212, 41.97214025678674], [-87.67424788704987, 41.971887310619216], [-87.6742424070928, 41.97178903616665], [-87.67423659004304, 41.97168472335491], [-87.67422940681001, 41.97143984437268], [-87.67422787511785, 41.971387311542806], [-87.67422777643502, 41.97138393560712], [-87.6742174727061, 41.971031548277544], [-87.67420499163362, 41.97060494517896], [-87.67419955200288, 41.9704187746624], [-87.67419468470617, 41.970252887086346], [-87.67420207346638, 41.97016039498072], [-87.67420846519954, 41.97004333653056], [-87.67420140714947, 41.96977559898303], [-87.67419509949052, 41.969534951018765], [-87.67418564081038, 41.96917546093916], [-87.67417600085413, 41.96893707150558], [-87.67417408634137, 41.96882177267343], [-87.6741720989016, 41.96870206293589], [-87.67416555068436, 41.96847406432454], [-87.67415840404993, 41.96822564566451], [-87.67415196734044, 41.96800110537121], [-87.67414449527018, 41.967741460477406], [-87.67413979880912, 41.96757639706511], [-87.67413378350776, 41.967368022529584], [-87.67412593835469, 41.96708041229423], [-87.67412303208498, 41.96699555193569], [-87.67411983376344, 41.966902141152566], [-87.67410345028055, 41.96633704275509], [-87.67409628512, 41.96606905771203], [-87.67409225460139, 41.96591788347796], [-87.67408361160676, 41.96558995621169], [-87.67407655788078, 41.96526480970008], [-87.67407748919774, 41.96516926785202], [-87.67407846748331, 41.96506888439589], [-87.67406770888333, 41.96471078611169], [-87.67405951072828, 41.96444312408995], [-87.67404943219786, 41.96411540803103], [-87.67403991756073, 41.96380429763805], [-87.6740323345477, 41.96355730297827], [-87.67402885216372, 41.963443892377576], [-87.67402556749559, 41.963349251634746], [-87.67402227550541, 41.963254394604775], [-87.67401211736032, 41.96286306703684], [-87.67400107930021, 41.962435840713084], [-87.67399006171107, 41.962010205840166], [-87.67398040541752, 41.96163795358214], [-87.67397665771993, 41.9615254349327], [-87.67410866925427, 41.961522088791206], [-87.674177104178, 41.96152126137967], [-87.67423231617923, 41.96152059401728], [-87.67432302697118, 41.961519497040875], [-87.67452106539412, 41.96151750882106], [-87.67464777916909, 41.96151629189829], [-87.67491033875822, 41.96151252912138], [-87.67507806716958, 41.96150816854504], [-87.6751507166336, 41.96150627965798], [-87.67524646453064, 41.961504470442264], [-87.67585413113692, 41.961497740602454], [-87.67600124242865, 41.96149530668485], [-87.67618189736062, 41.96149231761433], [-87.67673901939726, 41.96148400563061], [-87.6768120804765, 41.96148291523837], [-87.67736264936099, 41.96147470161023], [-87.6774878685304, 41.9614730418975], [-87.67761873339177, 41.961471307269555], [-87.67794776527636, 41.96146785516224], [-87.67823254411891, 41.96146564904118], [-87.67830418227683, 41.961465094305005], [-87.67861271715026, 41.96146334138124], [-87.6789591487479, 41.961458245773606], [-87.6791330569676, 41.961455687527874], [-87.67949841995255, 41.96145175907841], [-87.67959638135713, 41.961450208837654], [-87.67970021880244, 41.9614485654599], [-87.67979475033142, 41.96144706934149], [-87.67993326705067, 41.96144487701048], [-87.68030625012472, 41.961440001443165], [-87.68059553673172, 41.96143647400592], [-87.68093244362686, 41.96143236520434], [-87.68120971302656, 41.9614282273205], [-87.68140266307388, 41.96142530234121], [-87.68166511346188, 41.96142132344073], [-87.68198559424513, 41.96141628159947], [-87.6822117831615, 41.9614131088773], [-87.68250659161696, 41.96140897293107], [-87.68278636401783, 41.961404576221234], [-87.68314865838836, 41.96139861000486], [-87.68345043898769, 41.96139211899381], [-87.68382577721623, 41.96138543277274], [-87.68382991247711, 41.961385359022614], [-87.68433309395884, 41.96137639326363], [-87.68442955142304, 41.96137479938678], [-87.68455954651198, 41.961372651275354], [-87.68486587102694, 41.96136760372029], [-87.68504245735244, 41.96136478655779], [-87.68526681290966, 41.96136119598531], [-87.6855474252309, 41.96135729124445], [-87.68574659225342, 41.96135396896397], [-87.68625932633968, 41.96134564166714], [-87.68632720411736, 41.96134453905554], [-87.68643263985341, 41.96134282614773], [-87.68661976812852, 41.961341054148306], [-87.68696491235887, 41.96133668590041], [-87.68714101626665, 41.961334254940766], [-87.68726872831391, 41.961332468788434], [-87.68746967271383, 41.96132970977124], [-87.68807390172067, 41.96132141183519], [-87.68822147024194, 41.961319384963964], [-87.68868299356582, 41.96131284713789], [-87.68893169957641, 41.96130932328755], [-87.68929086909417, 41.96130770374319], [-87.68964487556734, 41.96130602448998], [-87.68990704599427, 41.961304268839875], [-87.69024492509386, 41.961302005313584], [-87.69055198725468, 41.96130034953447], [-87.69085930814624, 41.961298557171446], [-87.69113192792724, 41.96129606083026], [-87.69139873716513, 41.96129361642286], [-87.6914844819013, 41.96129332744953], [-87.69180411533215, 41.961292022628086], [-87.69204914368933, 41.96129102194017], [-87.6923528999379, 41.96128900506548], [-87.69274953782134, 41.96128637012087], [-87.69306859040856, 41.96128428055455], [-87.6933142149577, 41.96128252171756], [-87.69357002168891, 41.96128107677715], [-87.69401360920105, 41.96127857010566], [-87.69474577254876, 41.961273425776355], [-87.69475904665882, 41.96131408508168], [-87.69478150699207, 41.961366102990205], [-87.69484531135606, 41.961475320600236], [-87.6948879188136, 41.961579069091435], [-87.69493480839373, 41.9617253217214], [-87.69499235173097, 41.96185407063306], [-87.69501327122158, 41.96190210082263], [-87.69503483569727, 41.96192971768488], [-87.69507228968327, 41.96198991430626], [-87.6950818404644, 41.962027645381404], [-87.69508458538465, 41.96206207301183], [-87.69508842328811, 41.962090140155354], [-87.69509418780702, 41.96210199973912], [-87.69510985448731, 41.96211638415776], [-87.69512831812565, 41.9621305097017], [-87.69515658777128, 41.962167850868475], [-87.69515774212259, 41.96217011494521], [-87.69516330869887, 41.96218103161282], [-87.69516696288747, 41.96218819839196], [-87.69518006432828, 41.962213891967444], [-87.69521649024973, 41.96229976861214], [-87.69523630589546, 41.962344225151924], [-87.69525326097165, 41.96240268869224], [-87.6952783309931, 41.96246224012903], [-87.69530268311773, 41.96253847235445], [-87.69534016366917, 41.96261818007441], [-87.69538960124338, 41.96273033642514], [-87.69540637829748, 41.96278827727615], [-87.69547679777615, 41.962931202972676], [-87.69554505543613, 41.96304398493812], [-87.69556615812277, 41.963081467575904], [-87.69556619353001, 41.96308153034053], [-87.69557350342724, 41.96309451400371], [-87.69557373862588, 41.96309493160655], [-87.69558750616046, 41.96311938460845], [-87.69562386245948, 41.963179163310336], [-87.69567258023504, 41.963234537601195], [-87.69573702598528, 41.963309263557804], [-87.69578400782513, 41.963369128659934], [-87.69583220819105, 41.96341741995278], [-87.69589207305006, 41.96347590239123], [-87.6959717468477, 41.963561167920226], [-87.69605055380303, 41.96368163703722], [-87.6960824984702, 41.96371205552272], [-87.69615676113682, 41.96377953613742], [-87.69622509641924, 41.963844102392166], [-87.69629175208192, 41.963911156514385], [-87.69630705399427, 41.963929046662315], [-87.69631921228948, 41.96394009534501], [-87.6963222301871, 41.963942837362495], [-87.69635555459008, 41.9639731179836], [-87.69642389027914, 41.96403768412065], [-87.69649054635097, 41.96410473812801], [-87.69655680924231, 41.96417074711655], [-87.69667256957881, 41.9642878258436], [-87.69685504017576, 41.96448883541881], [-87.69693008054222, 41.964574404162676], [-87.69697526227074, 41.964634313672455], [-87.69700619580374, 41.96468130130294], [-87.69703753182641, 41.96472110133318], [-87.69707695883011, 41.964753344467745], [-87.69712564918142, 41.96478215432902], [-87.69713501264047, 41.96478802064321], [-87.69716997434614, 41.96480992435008], [-87.6971975788915, 41.96484413291872], [-87.69724431542143, 41.96487715770752], [-87.6972917129971, 41.96491026846568], [-87.69733159978276, 41.96495176231109], [-87.69738440151052, 41.96501086316596], [-87.69743874376582, 41.96505556544284], [-87.69750500926655, 41.96511037752632], [-87.69757316430567, 41.965174859643014], [-87.69764948256824, 41.96525041863068], [-87.69781390265102, 41.96541839622698], [-87.69785846301629, 41.96546323624785], [-87.69792839423843, 41.96553036242072], [-87.69799313271481, 41.965587223922576], [-87.69806995482331, 41.96565287882907], [-87.69807957493884, 41.96566228267045], [-87.69808412116502, 41.96566672627325], [-87.6981625618239, 41.96574340120196], [-87.6982465954003, 41.96581974340848], [-87.69831242491955, 41.965885282456384], [-87.69836572045779, 41.96594666327542], [-87.6984289893932, 41.9660219577426], [-87.69847197518196, 41.96607740861845], [-87.69853831368634, 41.96614358151669], [-87.69853860030685, 41.96614385971751], [-87.69858278605246, 41.96618671990643], [-87.6985828807457, 41.96618681153763], [-87.69860477952051, 41.96620805367201], [-87.69867014407174, 41.966276059726454], [-87.69879306311596, 41.96639136468124], [-87.69888082937055, 41.96647708479146], [-87.69895704123552, 41.966552559982794], [-87.69902145733411, 41.96661987454165], [-87.69906233506147, 41.966676603595886], [-87.69908797216782, 41.966707901577806], [-87.69910576867649, 41.966731453252685], [-87.69920535776676, 41.96682275427895], [-87.69927396161683, 41.96689420813404], [-87.69932005395407, 41.96693683323294], [-87.69941104766508, 41.96701241719297], [-87.6994855560018, 41.96708181792631], [-87.69951340169271, 41.96712159799723], [-87.69955813296893, 41.967175439287544], [-87.69960548514088, 41.967220842873225], [-87.6996491931195, 41.967262933277176], [-87.69969629499037, 41.967300212593706], [-87.69976537903692, 41.9673530356428], [-87.69979649019847, 41.96738243312425], [-87.69981261379417, 41.967406643669676], [-87.69982513928221, 41.96743023063255], [-87.69986954374049, 41.96746889453741], [-87.69994318520865, 41.96752193471958], [-87.70000577030365, 41.96756270214523], [-87.70003839701504, 41.967587607423454], [-87.70004599729026, 41.967594099604455], [-87.70006169848133, 41.96760751125518], [-87.7001109577692, 41.96764958764661], [-87.7002067112241, 41.96774229362429], [-87.70029488096964, 41.96782477670079], [-87.70038904698217, 41.9679144551447], [-87.70048720173234, 41.96800239920635], [-87.7005654316907, 41.968086117056316], [-87.70065950832048, 41.96818490554521], [-87.70073191889516, 41.96825476041348], [-87.70078150387397, 41.96829021434503], [-87.70086112878474, 41.968340789399356], [-87.70090768605144, 41.968370079849976], [-87.7009798245347, 41.96842659622275], [-87.70107611839728, 41.968514762782625], [-87.70108291806177, 41.96852098841342], [-87.701172286091, 41.968627544088434], [-87.70124324301032, 41.968718081934156], [-87.70132008288083, 41.968804974886545], [-87.70139901066523, 41.968885265744646], [-87.70143941555439, 41.968941826679874], [-87.70144953325983, 41.96898592686293], [-87.70144795076003, 41.96902326678599], [-87.70145263666838, 41.969062589870525], [-87.70146935354502, 41.96909753273652], [-87.70149957891397, 41.969138588020826], [-87.70154489605657, 41.969196712432286], [-87.70169902156844, 41.969362816821786], [-87.70178789354753, 41.969456526396215], [-87.70188281327133, 41.96954480819714], [-87.70194299128433, 41.969587646912785], [-87.70197725922905, 41.969599168939666], [-87.70202109970984, 41.96962443717968], [-87.70207567756151, 41.96968324374439], [-87.70214957138151, 41.969767073863416], [-87.70223987761057, 41.96985716861799], [-87.70229202016814, 41.96991689472039], [-87.70235115209695, 41.969987471380854], [-87.70244328374531, 41.97009014446355], [-87.70251506742616, 41.97017549950122], [-87.70256444263221, 41.9702324660665], [-87.70263491917878, 41.97032369220652], [-87.70264788079754, 41.970340469857234], [-87.70270400238172, 41.97041810984202], [-87.70278175500368, 41.97053217443515], [-87.70280048702159, 41.970579422753275], [-87.70286871223072, 41.97068240325475], [-87.70294249663132, 41.970796198963775], [-87.70300842890066, 41.97088961695682], [-87.70306262923496, 41.97097945792104], [-87.70309078284879, 41.97105181249891], [-87.70314405821814, 41.97113851995168], [-87.70321880160441, 41.97124093229195], [-87.70337369281735, 41.971554182542405], [-87.70344284213105, 41.97169446149221], [-87.7035318603581, 41.97186349916343], [-87.70356940738196, 41.97195297381982], [-87.70359196189663, 41.972033859465405], [-87.70360441417712, 41.97209501374992], [-87.70361320789932, 41.972128462514824], [-87.70362890718674, 41.97218817661087], [-87.70364933368384, 41.972268584055], [-87.70366301337751, 41.97234327398774], [-87.70368741974426, 41.97243031678291], [-87.7037080893998, 41.972497251506844], [-87.7037366568364, 41.972591205061654], [-87.70376085629093, 41.972680606992505], [-87.70378160803352, 41.972795236134516], [-87.70379208443886, 41.97286288331813], [-87.70380326271268, 41.97291900869406], [-87.70381255481205, 41.97297622140692], [-87.70382496350352, 41.97305304482079], [-87.70384608191056, 41.97309684833897], [-87.7038578613784, 41.97315915146159], [-87.70388590469571, 41.97320554505095], [-87.70391140232415, 41.9732453111459], [-87.7039309382274, 41.97328177894787], [-87.70395527640217, 41.97334220252692], [-87.70397493033794, 41.973389098940494], [-87.7039982146507, 41.97345198651495], [-87.70402601909788, 41.973518932840896], [-87.70403771340908, 41.973551582986154], [-87.70408600472652, 41.97368641106499], [-87.70409801415366, 41.973729121807104], [-87.70411490256372, 41.973780530970956], [-87.70414213174676, 41.973834960546235], [-87.704155414869, 41.97387153124718], [-87.7041677961689, 41.97390639532362], [-87.70418392879003, 41.97394493029595], [-87.70419855919287, 41.97398664003444], [-87.70420679203528, 41.974013276479006], [-87.70421070193471, 41.97404197482716], [-87.70421495062497, 41.97406987921271], [-87.70422251423474, 41.97409352080712], [-87.70423459065667, 41.97411822992785], [-87.70425201781235, 41.974163495006025], [-87.70426101973902, 41.9741941970807], [-87.70427663923888, 41.97422883218393], [-87.70428660393497, 41.974251389249176], [-87.70429501013082, 41.974275364759364], [-87.70430128890179, 41.97430621656131], [-87.70430449756981, 41.9743352129249], [-87.70430805892055, 41.97435822885849], [-87.70431384712727, 41.97437543928324], [-87.70432356470755, 41.97439695219364], [-87.70433822451459, 41.97443943044924], [-87.70437686244507, 41.97460144033573], [-87.7043912875126, 41.97469021199693], [-87.70440992320552, 41.974728540835216], [-87.70441940684674, 41.97475888878731], [-87.70442335921096, 41.97477954684351], [-87.70443418236313, 41.97480831049477], [-87.7044563353441, 41.974855494925514], [-87.70446350286562, 41.97489321209077], [-87.70446347358879, 41.97492235536206], [-87.70446357130936, 41.974946065807785], [-87.7044683559921, 41.97496810024803], [-87.70447688622268, 41.974994436710226], [-87.70448689973074, 41.97503074247749], [-87.704491550447, 41.97507761148999], [-87.70449125018392, 41.97511934916555], [-87.70448784975514, 41.97515473075132], [-87.70448865893215, 41.975180887159006], [-87.7044922600717, 41.9751998695984], [-87.70449791258342, 41.97521219458786], [-87.70451388197654, 41.97524120622924], [-87.70452455734375, 41.97527005111201], [-87.70453868527852, 41.975303113808444], [-87.70456454799516, 41.97534323849151], [-87.70458502711548, 41.97537364664903], [-87.70459155797603, 41.975390147631764], [-87.70459987995251, 41.975422712007465], [-87.70461439874614, 41.975479569068796], [-87.70461628602084, 41.975519507548626], [-87.70462121809842, 41.975567695310076], [-87.70462856543502, 41.97559092405729], [-87.70464004216572, 41.97560934562214], [-87.70465250956592, 41.97562426003202], [-87.70466612343641, 41.975638522110266], [-87.70467609913563, 41.97565251728583], [-87.70469595303344, 41.975671725653164], [-87.70471410739934, 41.97569921220165], [-87.70472284959321, 41.97574141101762], [-87.70472499190228, 41.97576664196658], [-87.70472526285641, 41.9757744290263], [-87.7047265976232, 41.97581278079796], [-87.70472916066807, 41.97585132343088], [-87.70474084006881, 41.975886540611896], [-87.704746977182, 41.97590943341949], [-87.70476035452326, 41.97596271674518], [-87.70476759575638, 41.975989265385614], [-87.70477842114812, 41.976017837191435], [-87.70478852275458, 41.9760489565924], [-87.70481596560862, 41.976085549844996], [-87.70481995803041, 41.97609841456854], [-87.7048265822704, 41.976112912505336], [-87.70482728253475, 41.97613519953419], [-87.70482134334027, 41.97615201641891], [-87.70480942280416, 41.976174975010615], [-87.70480591786536, 41.97619855595867], [-87.70481190528248, 41.97623667826315], [-87.70482078267587, 41.976272621027654], [-87.70483197793146, 41.97630846671283], [-87.70484415531061, 41.976345415454254], [-87.70485868709562, 41.97640847444367], [-87.70487055618732, 41.976446821036944], [-87.70488925695534, 41.97648987017032], [-87.70491671111255, 41.97653285744858], [-87.70493251017288, 41.97656798738907], [-87.70493802413075, 41.97660190846424], [-87.70493873081703, 41.97663102831386], [-87.70494233898961, 41.976664280348125], [-87.7049494310226, 41.97669853936441], [-87.70495546434056, 41.976728264652124], [-87.70496600994757, 41.97676287187488], [-87.70497475613558, 41.97678973087289], [-87.70499048444498, 41.9768433286199], [-87.70500441747978, 41.976892498648034], [-87.70501583880562, 41.97693155626502], [-87.70504747413005, 41.977009362870064], [-87.7050630233451, 41.97705500171481], [-87.70508020857369, 41.97711379423601], [-87.70508975472788, 41.97714529502787], [-87.70509485008547, 41.97716576721382], [-87.70511645804395, 41.97722730069116], [-87.70512984890127, 41.97727926681964], [-87.7051409934549, 41.97732779040242], [-87.70515557389363, 41.97737098159179], [-87.70516681779408, 41.97740191538358], [-87.70517769302066, 41.97742167825693], [-87.70519281706969, 41.97743957087813], [-87.70519482863766, 41.97745305591369], [-87.7051971863994, 41.97745896884745], [-87.70520869089562, 41.97751578187997], [-87.70521518930283, 41.9775580781372], [-87.70522113902416, 41.97758884574594], [-87.70522181651877, 41.97759351733929], [-87.70522609889628, 41.97762303819015], [-87.70522959410646, 41.97764160811467], [-87.70523459988847, 41.977663644271864], [-87.70524334587763, 41.97769428969346], [-87.70525993766243, 41.9777349123222], [-87.70527075557946, 41.97776803913249], [-87.70528473140202, 41.977824124740586], [-87.70529407391476, 41.97787266588759], [-87.70530603965761, 41.977931210276616], [-87.70532257610934, 41.97798121776017], [-87.70533323421846, 41.97801190134996], [-87.7053386237801, 41.97802482830399], [-87.70534367810525, 41.9780494168277], [-87.70534794258211, 41.97808327615589], [-87.70535938839872, 41.97817603239272], [-87.70537707695419, 41.978221084653086], [-87.70538827457924, 41.978260497747165], [-87.70540573252943, 41.9783252466162], [-87.70541034500589, 41.97835367405157], [-87.70542216592237, 41.97840077458796], [-87.70543767626087, 41.97844668757924], [-87.70545582517268, 41.97848981591437], [-87.70547087268628, 41.97853792172994], [-87.705482331355, 41.97857697949441], [-87.70549791569682, 41.978622892880985], [-87.70550898516468, 41.97865286520882], [-87.70564814501424, 41.9789942912613], [-87.70566194176155, 41.97903122131226], [-87.70568469759496, 41.97911084494853], [-87.70570929052367, 41.97921309138506], [-87.70572795397439, 41.97926382392072], [-87.70575753561835, 41.97932625155067], [-87.70577418485202, 41.97937982676092], [-87.70579123353811, 41.979440030298484], [-87.70579124705495, 41.979440077023796], [-87.70579732499876, 41.97946153861254], [-87.70580002427444, 41.97947073903016], [-87.70581042139887, 41.97950617601796], [-87.70582609181031, 41.97955453216215], [-87.70584579531968, 41.979604200122836], [-87.70585818431037, 41.979642192690065], [-87.70587470033946, 41.97969436788717], [-87.7058870224166, 41.97973543358947], [-87.70589559359786, 41.97976895968056], [-87.70590365085833, 41.97979864108151], [-87.7059114796569, 41.97982911705123], [-87.70592499477084, 41.97986105108183], [-87.70595528613134, 41.979922412295664], [-87.70596825953878, 41.979979562560985], [-87.7059721892918, 41.980010099543726], [-87.70598047539535, 41.98005394226206], [-87.70599280235264, 41.980105765242214], [-87.70599461939725, 41.98012298130719], [-87.70599834612165, 41.98014048222782], [-87.70600362489749, 41.98016847447441], [-87.70600897250571, 41.980193201498516], [-87.70601418498859, 41.98021296050719], [-87.70602525214838, 41.98025824567636], [-87.70603403602213, 41.98028510451017], [-87.70604160924157, 41.980311654865844], [-87.70605615683479, 41.980347079654464], [-87.7060591332454, 41.980366085782705], [-87.70606797121988, 41.98040617195355], [-87.70607396142886, 41.980425386642715], [-87.70608399844176, 41.98045197789909], [-87.70609713331386, 41.98047770793655], [-87.70610915763002, 41.98050417256428], [-87.70612835598608, 41.98054544073133], [-87.70613877498009, 41.980570552201385], [-87.70615451077212, 41.9806160821237], [-87.70616531411954, 41.980647040836864], [-87.70618317375711, 41.98067853205385], [-87.70619806273258, 41.98071291589144], [-87.70620783077271, 41.98074814989623], [-87.70621715925013, 41.980794522950454], [-87.70623049995977, 41.98084805284069], [-87.70623601000389, 41.98088244032241], [-87.70623771357214, 41.98089998506546], [-87.7062358274401, 41.98091978788533], [-87.70624747448072, 41.980954730287756], [-87.70626252487622, 41.980980169180214], [-87.70628581939735, 41.98100878094049], [-87.70629723143931, 41.98103019314876], [-87.70629763534471, 41.981052752677286], [-87.70630401014853, 41.98108901093383], [-87.70631648115624, 41.981122448518946], [-87.70633373467956, 41.98114076424084], [-87.70634494252027, 41.9811605013668], [-87.70635581728362, 41.981187947873764], [-87.70636667182721, 41.98122870363776], [-87.70637230606947, 41.98125422802409], [-87.70637838751313, 41.98127090810137], [-87.70638219110998, 41.981281339818885], [-87.70638906511712, 41.98130420910122], [-87.70639785732399, 41.981341495906975], [-87.70640852921098, 41.98137838134701], [-87.70641591579472, 41.98139774085105], [-87.70642594727575, 41.981421176213665], [-87.70643387691328, 41.98144141682589], [-87.70643511749161, 41.98146867350271], [-87.70643852156289, 41.98149284104831], [-87.70644987763401, 41.981534971366564], [-87.70645789895292, 41.981564652798355], [-87.70647293580453, 41.98161020629515], [-87.70648943598655, 41.98164909910072], [-87.7064938651413, 41.98170000101897], [-87.70650226356454, 41.98175119875549], [-87.70650381842313, 41.98176141566749], [-87.70651198340363, 41.98178766735507], [-87.70652006093513, 41.98181158599496], [-87.70653748718321, 41.98184606568775], [-87.70655312894007, 41.981874992626274], [-87.70656741711873, 41.98190693106616], [-87.70657700300727, 41.98193456260596], [-87.70659230698614, 41.98199043573248], [-87.70660361749184, 41.98201472876204], [-87.70661458767907, 41.9820362208491], [-87.70662391544104, 41.982048922530815], [-87.70663526319075, 41.98206566921218], [-87.70664163539321, 41.982075967304176], [-87.70666435927868, 41.98212532228907], [-87.7066687395966, 41.982147464446975], [-87.70667602742266, 41.9821844139847], [-87.70668528512283, 41.98223427146237], [-87.70669911192118, 41.98231702966092], [-87.70670687569556, 41.982380463041466], [-87.70671791063238, 41.98244037425928], [-87.7067304485078, 41.98248204475471], [-87.70673864533586, 41.98250881799483], [-87.7067513321254, 41.98254280554279], [-87.70675958807784, 41.98256730141858], [-87.70681700541483, 41.98273945653674], [-87.70685695100198, 41.982889260822276], [-87.70688439438207, 41.9830387773308], [-87.70690177438968, 41.983080466543015], [-87.70678879090909, 41.9830812846235], [-87.70641308999845, 41.98308428283066], [-87.70609286119621, 41.98308648523449], [-87.70565607238618, 41.98308909256153], [-87.7056418634109, 41.98308917787597], [-87.70560213013492, 41.98308941725011], [-87.70531109183604, 41.98309116485643], [-87.70506364735938, 41.983092772987675], [-87.7045007462785, 41.98309563981492], [-87.70401180930091, 41.98309763003143], [-87.70356403085825, 41.98309945099511], [-87.70316781522874, 41.983101557660866], [-87.70280138931717, 41.98310391577068], [-87.70233719502708, 41.983106901644014], [-87.70203750155642, 41.98310786094915], [-87.70183443085372, 41.98310866498183], [-87.70158449883348, 41.98310974919181], [-87.70115952442869, 41.983111591317886], [-87.70092692066416, 41.9831122585491], [-87.70066379409595, 41.983112455234846], [-87.70052851432766, 41.983112724958936], [-87.700369826285, 41.98311458799246], [-87.70011498468106, 41.98311757933663], [-87.69998808332794, 41.98311863584641], [-87.69976489171907, 41.983119694302545], [-87.69970993896946, 41.98311995493795], [-87.69946773993236, 41.98312018206314], [-87.69915742134314, 41.9831209193101], [-87.69892577277325, 41.983121469213515], [-87.69851788234628, 41.98312140971855], [-87.69815232516363, 41.98312515047171], [-87.69794560621192, 41.98312665190684], [-87.6976119128954, 41.98312907445225], [-87.69727381410807, 41.98313071394508], [-87.69683335428319, 41.983131342029345], [-87.69680122017674, 41.98313138778264], [-87.69673177440653, 41.983131814156856], [-87.69627048795729, 41.98313464562978], [-87.69611563436601, 41.983135594052044], [-87.69580930408891, 41.98313817751007], [-87.69556569874176, 41.9831392667354], [-87.69513245891952, 41.98314179665408], [-87.69458813748732, 41.98314497309526], [-87.69446035439773, 41.9831458811033], [-87.69430256276554, 41.98314649843894], [-87.6939913164101, 41.98314771545016], [-87.69370721980047, 41.98314843800627], [-87.69329584866617, 41.98315070057133], [-87.69308742218311, 41.98315191068928], [-87.69275581201714, 41.98315383540753], [-87.69252827726191, 41.98315514507022], [-87.69223050087295, 41.98315562295755], [-87.69187328654778, 41.983157843674846], [-87.69143541284656, 41.98316056508217], [-87.6912366558577, 41.983160304248905], [-87.6909107708619, 41.98316163684261], [-87.69065909164459, 41.98316292129161], [-87.6901286388542, 41.98316562706509], [-87.69005073697718, 41.9831658631613], [-87.68944833315466, 41.98316768591433], [-87.68945878092183, 41.98343763636506], [-87.68945959752722, 41.98359751790157], [-87.68946112089381, 41.983884377417304], [-87.68946231582747, 41.98406511696379], [-87.68946689882631, 41.98424908621833], [-87.68947181834919, 41.98441425960322], [-87.68947893778122, 41.98466404891987], [-87.68948967057844, 41.9849497281646], [-87.68949119030542, 41.984990182858596], [-87.68950173438402, 41.98527083640342], [-87.68950857797468, 41.98550786361974], [-87.68951755483363, 41.98583255242944], [-87.68952726702022, 41.98613172431749], [-87.68954115883658, 41.98658196019154], [-87.68954905987744, 41.98681174860475], [-87.68956613534188, 41.987308324304124], [-87.68957181933456, 41.987532776514314], [-87.68958017577195, 41.98777667288194], [-87.68958702891507, 41.98797632382747], [-87.6895983841535, 41.988338785959655], [-87.68960782185955, 41.98863244034081], [-87.68961364797475, 41.98881356245336], [-87.68962166155136, 41.989051391896375], [-87.68963807038877, 41.989496482561364], [-87.689647181615, 41.989720267852626], [-87.6896563316928, 41.98999139070977], [-87.68967255379275, 41.9905000023141], [-87.68904451432459, 41.9905082360871], [-87.68897183874556, 41.990510868462344], [-87.68843610451657, 41.99051885246186], [-87.68806776479585, 41.99052434093104], [-87.68752205727614, 41.99053644757852], [-87.68720631649805, 41.990542072763326], [-87.686855993635, 41.99054831296696], [-87.68684561818918, 41.99054850014144], [-87.68477521143458, 41.990586495043395], [-87.68247201599677, 41.99062871795031], [-87.68051013197255, 41.990664647198706], [-87.67982752415126, 41.990675367574504], [-87.67910231332027, 41.9906867527182], [-87.67842246477268, 41.990697421737245], [-87.67802435687717, 41.990703667236176], [-87.6777553041263, 41.990708371041], [-87.67764787396099, 41.990710249196], [-87.67741380670788, 41.99071464215508], [-87.67707195344411, 41.990719774671454], [-87.67676115025607, 41.99072443997869], [-87.67646151762662, 41.99073025945597], [-87.6759840338112, 41.990739530968995], [-87.67543665303249, 41.99074945781708], [-87.6752609288376, 41.99075343239889], [-87.67513873626608, 41.99075619611905], [-87.67503643289247, 41.99075850983537], [-87.67497061104237, 41.99075998496054], [-87.67484988171721, 41.99076157237122], [-87.67470545483948, 41.990763470996946], [-87.67468769828919, 41.99010590343071], [-87.67467978644028, 41.989760116787515], [-87.67466630941354, 41.98930121022953], [-87.67465526864727, 41.98888073633273], [-87.67465269540278, 41.98878931218154], [-87.6746452530646, 41.98852492150833], [-87.67464055892151, 41.988328135554625], [-87.67463780473217, 41.988212699476875], [-87.67462854142939, 41.987808975011845], [-87.67461629739063, 41.98732329202636], [-87.67460431871409, 41.98693675829479], [-87.67459962172835, 41.986792962954524], [-87.67465295984677, 41.986681964451996], [-87.67469058607219, 41.98660364146878], [-87.67469659617528, 41.98652725011067], [-87.67468794895538, 41.986209998944034], [-87.67467744577452, 41.98583019689071], [-87.67466524576486, 41.9853759075988], [-87.67465812552537, 41.985118857971685], [-87.67465144080685, 41.984877509829154], [-87.67464456620091, 41.98462975206513], [-87.67463816595487, 41.98439906536478], [-87.67463265393657, 41.98421662700022], [-87.67463040646442, 41.98414224637931], [-87.67462033706978, 41.98380879615719], [-87.6746098949801, 41.98346648002084], [-87.67460924400235, 41.98335739830229], [-87.67460864098791, 41.98325629478625], [-87.6746013607901, 41.98303841865479], [-87.67459330420513, 41.982749573121325], [-87.67458924135202, 41.982569256050745], [-87.67458790886096, 41.982485687323106], [-87.67458611404771, 41.98237311032426], [-87.67457291269903, 41.98195893517556], [-87.6745634204141, 41.98167740808128], [-87.67455964276044, 41.98157329925879], [-87.67455608788448, 41.98147533844136], [-87.6745457740008, 41.981130772655796], [-87.67453647098611, 41.98078091634774], [-87.67453306472116, 41.98066119487783], [-87.67452982968253, 41.980547484182075], [-87.67451926452846, 41.980198773157845], [-87.67450764593204, 41.97981311915374], [-87.67446285652152, 41.979747998027406], [-87.67441803677382, 41.979682831704004], [-87.67440458063562, 41.97926500509918], [-87.67439604478352, 41.97894067412236], [-87.67439357977214, 41.97883827363487], [-87.67439074053638, 41.97872033937964], [-87.67438010617427, 41.978346326319965], [-87.67437244976558, 41.978075868972205], [-87.67437298332518, 41.97800984659773], [-87.67443286545208, 41.977923281515935], [-87.67445190622581, 41.977895756711916], [-87.67445757628501, 41.97781664654168], [-87.67445159881349, 41.97760448560982], [-87.67444316194693, 41.97730625245125], [-87.67444243965052, 41.977280672364046], [-87.67443704650123, 41.977089645104435], [-87.67443514810967, 41.9770145800681], [-87.67443349279951, 41.976949149116436], [-87.67442926168525, 41.976781646309085], [-87.67442043665467, 41.97643549714453], [-87.67441159439856, 41.976201585651474], [-87.6744075678037, 41.976103404416754]]]]}, "properties": {"community": "LINCOLN SQUARE", "shape_area": "71352328.2399", "area_num_1": "4", "area_numbe": "4", "shape_len": "36624.6030848"}}, {"type": "Feature", "geometry": {"type": "MultiPolygon", "coordinates": [[[[-87.64102430213292, 41.954802805532566], [-87.64101250186746, 41.954761077017636], [-87.64097666827071, 41.954661587542425], [-87.64095214384858, 41.9545934968857], [-87.64095043460787, 41.95458875089718], [-87.64095040051106, 41.95458864037436], [-87.64089103844454, 41.95439731289194], [-87.64084524793203, 41.95424972731757], [-87.6408199509196, 41.954227323316076], [-87.64081149188247, 41.95421983164456], [-87.64080886046415, 41.95421605236422], [-87.64078151816756, 41.95417678630166], [-87.64076035282518, 41.95411932469774], [-87.64074019680832, 41.95406460103801], [-87.64071372533175, 41.954003657121085], [-87.6406698093118, 41.95389606836762], [-87.64066813504104, 41.95389196692557], [-87.6406480210949, 41.95380278117872], [-87.64063859819028, 41.95376100000359], [-87.64061328317106, 41.95369153101834], [-87.6406106015751, 41.95368417270765], [-87.64059618432951, 41.95364460917526], [-87.64059164162107, 41.95361244982352], [-87.64048680860238, 41.95360062442254], [-87.64045720646926, 41.95351792137751], [-87.64042760441137, 41.95343521832422], [-87.64039440648864, 41.95333257362048], [-87.64034602209018, 41.953224146025796], [-87.64032779481342, 41.95314720281581], [-87.64029053816769, 41.95306729926274], [-87.64025721733758, 41.95297603647668], [-87.64022386540046, 41.95288761951124], [-87.64014197610364, 41.95270500182375], [-87.64008603059631, 41.95259083696652], [-87.64006011809894, 41.95251953906548], [-87.64003020863537, 41.95246529012002], [-87.63999679559383, 41.95238256392861], [-87.63995960147741, 41.95229696914606], [-87.63992615813768, 41.95221708849422], [-87.63988533764761, 41.95211439758608], [-87.63984445522742, 41.952017397778405], [-87.63979235402756, 41.95190041051605], [-87.6397326283435, 41.95178337689197], [-87.63968055801875, 41.95166354401575], [-87.63963211434903, 41.95156080722564], [-87.63958373291412, 41.95145237929833], [-87.63952391581003, 41.95134388224234], [-87.63949053522265, 41.951258310065434], [-87.63943831108783, 41.95115270459457], [-87.6393937418399, 41.951044299620754], [-87.63933782958166, 41.950927289099845], [-87.6392968256237, 41.950841671054114], [-87.6392484452834, 41.950733243254746], [-87.6392038770114, 41.95062483793174], [-87.63915159210754, 41.95052492317065], [-87.63911443104872, 41.950436482543914], [-87.63906223943594, 41.95032803133943], [-87.63901373635403, 41.9502309851263], [-87.63894285668803, 41.950088272714616], [-87.63889432307889, 41.9499940720092], [-87.63884231714913, 41.949868547617136], [-87.63875275008236, 41.94969157417915], [-87.63869687177886, 41.9495717177812], [-87.63863742828424, 41.949429074358285], [-87.63857026944984, 41.94929492117869], [-87.63850317269554, 41.949155077113915], [-87.63844720223751, 41.94904375699274], [-87.63838742017295, 41.948932413770976], [-87.63832763831424, 41.94882107051749], [-87.63821926323955, 41.948621217353846], [-87.63813701397217, 41.94847274435383], [-87.63808110620447, 41.948355733202874], [-87.63803632506936, 41.948267245779164], [-87.63798788617976, 41.94816450827168], [-87.63790566932258, 41.9480131892706], [-87.63781945516268, 41.94787892020115], [-87.6377183350991, 41.94771325863123], [-87.6376396829199, 41.94758472673176], [-87.63754603248583, 41.94743333845301], [-87.63745963417168, 41.94731614219675], [-87.63738457804244, 41.947207551594815], [-87.63727549665468, 41.947073143485795], [-87.63718534955305, 41.94695023279447], [-87.63708004935897, 41.94681869316957], [-87.63696734377208, 41.94666718884456], [-87.63688469725523, 41.946555706120066], [-87.63677561764615, 41.94642129780938], [-87.6366627272234, 41.9462868659945], [-87.63658380003788, 41.946183942585755], [-87.6364896583118, 41.94607808157944], [-87.6363807662977, 41.94592659953494], [-87.63630549663478, 41.94583792687297], [-87.63625294147353, 41.945763619991304], [-87.63610221743419, 41.94560334698999], [-87.63604197749466, 41.94553468483758], [-87.63595158681494, 41.945434537109975], [-87.63584238736486, 41.94531150960903], [-87.63575193526933, 41.94521705284499], [-87.63567657423968, 41.94513691590373], [-87.63558606058179, 41.945048149855346], [-87.63549951425273, 41.94494517965447], [-87.63542784090905, 41.944876447680734], [-87.63534879364639, 41.944784905667866], [-87.63524703292381, 41.94467899675551], [-87.63515280246838, 41.94458167106415], [-87.63506247661633, 41.94447583152082], [-87.63499461615895, 41.94440712246177], [-87.63489654390962, 41.94431261866359], [-87.63480597037277, 41.94422954284986], [-87.63471164768761, 41.94414075292747], [-87.63460595362002, 41.94404620249985], [-87.63447763983604, 41.94392874884907], [-87.63434554611278, 41.943808426291724], [-87.63422851193795, 41.94370526922586], [-87.63410779101979, 41.94359070741362], [-87.63401718843473, 41.94351047599365], [-87.63390774716437, 41.9434102105937], [-87.63372270101617, 41.94325257135317], [-87.6336171343207, 41.94314663805845], [-87.63351141202374, 41.943054931914595], [-87.63340187858985, 41.942963202438776], [-87.63326988262367, 41.942834342251814], [-87.63319048339682, 41.942765468726314], [-87.63316416133553, 41.94274263606532], [-87.63310764524006, 41.942682532031135], [-87.63305116038504, 41.94261958268412], [-87.63301001435117, 41.94254818962289], [-87.6329955164013, 41.94247980512098], [-87.63300397960565, 41.94240302315199], [-87.63302759460757, 41.94233487112422], [-87.6330817003755, 41.94226690478459], [-87.63315470660145, 41.942213282156686], [-87.63325420494446, 41.94217689524522], [-87.63336885500634, 41.94214913732147], [-87.63345276600946, 41.94214395735727], [-87.63354408123898, 41.94215874270913], [-87.63364289522994, 41.94218495586293], [-87.63371490510735, 41.942222388602474], [-87.63379432050893, 41.94227978611676], [-87.63383584084445, 41.9423170327341], [-87.63387742927169, 41.9423872668472], [-87.63397500567605, 41.94269787479857], [-87.63399032745828, 41.9427388014763], [-87.63405568561457, 41.942913238136164], [-87.63426787780344, 41.94310892984548], [-87.6343112722833, 41.94313054430918], [-87.63436930430592, 41.9431547722703], [-87.63442995191727, 41.94317503674009], [-87.63449277678396, 41.94319125326884], [-87.63455730104866, 41.943203254017426], [-87.63462297611976, 41.943210953043675], [-87.63468928617198, 41.943214293145715], [-87.63471417094442, 41.943210904807266], [-87.63477895653233, 41.943199004922434], [-87.63484205978975, 41.94318292328729], [-87.63490303984241, 41.943162740646756], [-87.63496137886433, 41.94313861713505], [-87.6350166344909, 41.943110770425946], [-87.63506843737731, 41.943079362655986], [-87.63511630466003, 41.94304471910125], [-87.6351599052716, 41.94300703149488], [-87.63519851540771, 41.94298547721895], [-87.63525105023159, 41.94296101722547], [-87.6353064837826, 41.94294038819033], [-87.63536426411723, 41.94292377967224], [-87.6354239086144, 41.942911327591254], [-87.63548486811176, 41.942903135356545], [-87.63551028428286, 41.94290156207926], [-87.63554658676652, 41.942899312375054], [-87.63560851593944, 41.94289988055824], [-87.63567010394978, 41.94290483737675], [-87.63573076216284, 41.94291409720266], [-87.63578997779697, 41.9429276294799], [-87.63584719883882, 41.94294529337209], [-87.63590195076266, 41.942966920523695], [-87.6359218894414, 41.942979006410496], [-87.63597676687006, 41.94301613991884], [-87.63602752948172, 41.943056404804445], [-87.63607388881985, 41.94309952325306], [-87.63611547751294, 41.94314527432517], [-87.63615211498742, 41.94319332899591], [-87.63618351167909, 41.943243409169405], [-87.6365788590256, 41.94409184974796], [-87.63696461589998, 41.9448971191056], [-87.6368223303475, 41.94504526731733], [-87.63731341252623, 41.94575216338658], [-87.63736321523562, 41.9457931888552], [-87.63742144988004, 41.945819392877596], [-87.6381007588061, 41.94603492249019], [-87.63869816093985, 41.946200831159224], [-87.63868269153946, 41.946240940274826], [-87.63888712231866, 41.94631075428232], [-87.63913518871374, 41.94632600323505], [-87.63920658700927, 41.94632484382078], [-87.63931526669975, 41.946324514277634], [-87.63942439044722, 41.94632418374794], [-87.63964214591003, 41.946327914809295], [-87.63969406733001, 41.946333113477884], [-87.63974483834068, 41.946342640479806], [-87.63979390901265, 41.94635632866519], [-87.63984058511413, 41.946374063799986], [-87.63988431533167, 41.946395568684814], [-87.63987394995685, 41.94641589502696], [-87.63997373514137, 41.94645458707358], [-87.6400214496071, 41.946396753623624], [-87.64026476056868, 41.94651858324187], [-87.6400995248622, 41.9467158549965], [-87.64017463638315, 41.94675876200558], [-87.64020324913105, 41.94676088258889], [-87.64026910505115, 41.946697916565384], [-87.64029376067838, 41.94672257093693], [-87.6403044080359, 41.94672035696228], [-87.640409448835, 41.94683391556578], [-87.64047352558202, 41.94691484516901], [-87.64077746528689, 41.947303997318045], [-87.64083369852439, 41.94736940177265], [-87.64089477290965, 41.947432310447326], [-87.64096054539652, 41.94749255891679], [-87.64103072432592, 41.947549924230955], [-87.64110516260604, 41.947604241665445], [-87.64120817471425, 41.94767459257777], [-87.64131508106598, 41.94774167463873], [-87.64132859853027, 41.94774944018077], [-87.64142566430512, 41.94780529333516], [-87.64153974122858, 41.94786539294285], [-87.64165709357256, 41.94792186236808], [-87.64177753688438, 41.94797459099579], [-87.64178514624582, 41.947977984768045], [-87.64182648167744, 41.94799338178638], [-87.64187010256015, 41.9480047582887], [-87.64191527757167, 41.94801189115463], [-87.64196134375955, 41.948014693514914], [-87.64200745732381, 41.94801307741246], [-87.64203714912342, 41.94800724609724], [-87.64206482622575, 41.947997287149896], [-87.64208941999864, 41.947983576681], [-87.64211011502363, 41.94796663283001], [-87.64212609687499, 41.947947052227065], [-87.64213676941236, 41.94792557414325], [-87.64214182806982, 41.94790296567466], [-87.642140972501, 41.9478800458075], [-87.64213434126094, 41.94785766855127], [-87.6421273786404, 41.947845414343064], [-87.64207633897041, 41.94776190310381], [-87.64201998674628, 41.947680279977526], [-87.64189327124656, 41.94753099989899], [-87.64163225927985, 41.947284534491196], [-87.64136108879069, 41.947042919671226], [-87.64133645689074, 41.94702281996683], [-87.64104142260221, 41.94678196641352], [-87.64064238841324, 41.94646405672527], [-87.64052591627285, 41.946360638367246], [-87.640325560298, 41.94617581394077], [-87.6401691208802, 41.94605642990416], [-87.6401338549884, 41.94603409835846], [-87.64010080205274, 41.94600755407655], [-87.64007230085035, 41.94597823872162], [-87.64004875080884, 41.94594653807545], [-87.64003047780974, 41.9459129760581], [-87.64001780790694, 41.945877992617326], [-87.6400161087996, 41.94585836096307], [-87.64001841449345, 41.945828793373174], [-87.64002652032985, 41.945799835446195], [-87.64004031204422, 41.94577209213859], [-87.64019677576968, 41.94551579434624], [-87.6401780169769, 41.945499901872516], [-87.64015301636954, 41.94547324183918], [-87.64013307558088, 41.94544430748574], [-87.64012318008382, 41.945383956836935], [-87.64012420905408, 41.94538058794236], [-87.64013525082716, 41.945355517620584], [-87.64015167763957, 41.94533218177076], [-87.64017307718039, 41.94531117998165], [-87.6401988198753, 41.94529311409743], [-87.64030270354876, 41.945258697335234], [-87.6404126421667, 41.94523888906644], [-87.64042106806711, 41.94522790818287], [-87.64044805004231, 41.945187073029366], [-87.64046960916221, 41.94514452980183], [-87.64048559739075, 41.945100609659654], [-87.64049586070965, 41.945055721112354], [-87.64050024814779, 41.94501033086428], [-87.64049879275777, 41.94496485019869], [-87.64049145252544, 41.944919663874884], [-87.64047833298824, 41.94487521050507], [-87.64045954142627, 41.94483190346437], [-87.64043525467173, 41.94479018261688], [-87.64040569192152, 41.94475037721553], [-87.64037114083806, 41.94471287537768], [-87.63958593611152, 41.9435956011828], [-87.63933031262383, 41.943522322848985], [-87.63926980708018, 41.94348529468027], [-87.63918821167238, 41.943430520300325], [-87.63911069534697, 41.94337256089421], [-87.63903743857242, 41.943311552851185], [-87.63896866028298, 41.94324774585469], [-87.63890454196556, 41.94318124968125], [-87.63884530285256, 41.94311228602501], [-87.63879108757652, 41.94304107475663], [-87.63878424818883, 41.94303206748756], [-87.6387755761931, 41.943020647121514], [-87.63871805288052, 41.94293931655022], [-87.63866580556488, 41.94285604313497], [-87.63861894572501, 41.942771018829056], [-87.6386169685562, 41.942766889721455], [-87.63857754206636, 41.942684380167755], [-87.63854174007204, 41.94259640300749], [-87.63851161209855, 41.94250722582528], [-87.63843395026925, 41.94212421264029], [-87.63840473473128, 41.94177505463373], [-87.63839978199894, 41.94158128229747], [-87.6384046796074, 41.94142815760601], [-87.63839481968813, 41.94140213710882], [-87.6383806665792, 41.941364785832945], [-87.63834617267152, 41.94128848052044], [-87.63830614988326, 41.9412136768414], [-87.63826077707832, 41.94114062587085], [-87.63824001865689, 41.941111502906836], [-87.6382100922643, 41.941069518281175], [-87.63815430961694, 41.94100060234156], [-87.6380936143488, 41.94093401774901], [-87.63802811267485, 41.940870036816285], [-87.63754125747198, 41.94028407980672], [-87.63752919614049, 41.94028803988545], [-87.63711549994335, 41.93982634307831], [-87.63703756638631, 41.93981308243222], [-87.63703727174932, 41.93981458996371], [-87.63695053950099, 41.940258776616716], [-87.63673420568804, 41.94022957537775], [-87.63681188661347, 41.93978072781354], [-87.63681576679373, 41.93975830696536], [-87.63667651842503, 41.9397433019868], [-87.63655085534822, 41.939739657736126], [-87.6364850014672, 41.93973862689634], [-87.63647283550907, 41.93973866309947], [-87.6363142428066, 41.93974156976443], [-87.63615593236926, 41.93974889665953], [-87.63599808884248, 41.93976056093431], [-87.6358409331284, 41.93977659302126], [-87.63580017918542, 41.939610622008104], [-87.6355017480415, 41.939713335992344], [-87.6354686836771, 41.93973223531188], [-87.6353871983271, 41.93978269925104], [-87.63530957367642, 41.939836425874645], [-87.6352360678365, 41.93989330561913], [-87.63516690304557, 41.9399531482975], [-87.63510234015024, 41.94001576258549], [-87.63504248966598, 41.94008095761673], [-87.63498757456843, 41.94014854375738], [-87.6347851610624, 41.94067406389559], [-87.63478326831529, 41.94068805747914], [-87.6351702930624, 41.940710550796645], [-87.6351532643704, 41.94085861370532], [-87.63513001954925, 41.940869980215936], [-87.63510696302782, 41.94086408620853], [-87.63509743984258, 41.94085395867328], [-87.6351120873441, 41.9407475980197], [-87.63477533682449, 41.94072829840916], [-87.63477512230558, 41.94072828612712], [-87.63476380939089, 41.9407419144943], [-87.63472735238592, 41.940993193896496], [-87.63469970927001, 41.94141439926262], [-87.6346017771484, 41.94153688159473], [-87.6344832268261, 41.941588491952906], [-87.6344475254556, 41.94159378831497], [-87.63445275531863, 41.94186115407926], [-87.6343406986994, 41.94186047192667], [-87.63433462921141, 41.94173214626021], [-87.63428233630218, 41.94173182788338], [-87.63420028369467, 41.941720172766736], [-87.6341183529924, 41.941697362554706], [-87.63405895519095, 41.941663534292864], [-87.63399961839995, 41.94162412848213], [-87.63395546659171, 41.9415625041296], [-87.63390390527798, 41.941495256732416], [-87.63387481627315, 41.941422568327525], [-87.63385325845026, 41.94134434818142], [-87.63386158201581, 41.94126631007814], [-87.63385594060006, 41.94109894257511], [-87.63387368520232, 41.940842472940595], [-87.63388243571868, 41.94072539301989], [-87.63387636722662, 41.94059706731171], [-87.6338698111167, 41.94051336065785], [-87.63385627261664, 41.94038498943551], [-87.63381297522353, 41.94024528112114], [-87.63376943379383, 41.94012788259032], [-87.63373330229273, 41.9400161070832], [-87.63369771926946, 41.93985413470668], [-87.63365448316961, 41.939708849077284], [-87.63361112567846, 41.939574718197214], [-87.63358258628112, 41.93945183339273], [-87.6335537424596, 41.93935683535896], [-87.6334955058369, 41.93921703584871], [-87.63343022649985, 41.93903814922769], [-87.63335717267384, 41.93888710380499], [-87.63330640674798, 41.938747350008505], [-87.63322600534623, 41.938585104186835], [-87.63316789250874, 41.938434150012384], [-87.6331167612483, 41.938327860427414], [-87.63305099604356, 41.93819359264821], [-87.63298504729458, 41.93807605711343], [-87.63287440118069, 41.93794709307416], [-87.63274881601495, 41.93781803804581], [-87.63266027547154, 41.937717097869964], [-87.63254956956179, 41.93759371103998], [-87.63244627307587, 41.93747594722547], [-87.63236514246235, 41.93738062966994], [-87.63229203154329, 41.93723516107797], [-87.63242555923296, 41.93718220749534], [-87.63239396037478, 41.93711574808319], [-87.63239048838373, 41.93710989734855], [-87.6323269811044, 41.93700288090751], [-87.63229373987565, 41.93691041822222], [-87.63227770274172, 41.93682428857292], [-87.63225900024891, 41.93676682052918], [-87.63223642142103, 41.93669747324852], [-87.63220839632991, 41.93656835138858], [-87.63218798354289, 41.93647574691652], [-87.63220604202874, 41.936387383379184], [-87.63219560295707, 41.93634044841427], [-87.63218511391906, 41.93625449065809], [-87.63216975567016, 41.9361366422607], [-87.63214732674024, 41.93604364072335], [-87.63212489201926, 41.935941007767525], [-87.63210692410838, 41.93586677618961], [-87.63210056055958, 41.93584042083513], [-87.63204290608739, 41.93575225321425], [-87.6320276675035, 41.93568728740062], [-87.6319980921255, 41.93564945554473], [-87.63195983968623, 41.935595134189285], [-87.63194220680522, 41.93555408221029], [-87.63193544675961, 41.93553705448619], [-87.63191950915301, 41.935482264881685], [-87.63187484114002, 41.935446509271145], [-87.63184240731064, 41.93539784797011], [-87.63181919160523, 41.935339747716455], [-87.6317728487965, 41.935275936484], [-87.6317214741371, 41.93518816463729], [-87.63165279050891, 41.93512391387269], [-87.63162388685434, 41.935078457922344], [-87.63159215086877, 41.93504656770501], [-87.63157991204707, 41.93500974893329], [-87.63155922724727, 41.93498234471436], [-87.63150163514211, 41.93489533003772], [-87.63145588478554, 41.934830972628134], [-87.63144812218594, 41.934811579266956], [-87.63093766619977, 41.93420569005965], [-87.6308015851152, 41.93404064270174], [-87.63072980834546, 41.93394358069625], [-87.63070741521064, 41.93391440929232], [-87.63063841241811, 41.93386933913582], [-87.63057528177639, 41.933811626045156], [-87.63050377667204, 41.933746781026734], [-87.63044280947655, 41.933666139171386], [-87.63043115392983, 41.933596364962796], [-87.63042364359002, 41.933503865740924], [-87.63044265658166, 41.93342239736592], [-87.6304655048354, 41.933379864101134], [-87.63047162700992, 41.93332773482119], [-87.63049642398691, 41.933275005262736], [-87.63053027159104, 41.93321478449894], [-87.63058190177443, 41.933175171873835], [-87.63061245059482, 41.93316435480771], [-87.63063582759467, 41.93314394341387], [-87.63067133202367, 41.93310351910711], [-87.63071269278639, 41.93306195006424], [-87.63070766604928, 41.93283785993893], [-87.63070478548487, 41.93270944638336], [-87.63070472182038, 41.93270660792338], [-87.63069943009253, 41.93269421366092], [-87.63069410325966, 41.93268173658242], [-87.63069400866792, 41.93268151509399], [-87.63069393391294, 41.93267858216502], [-87.63069307858379, 41.93264497590033], [-87.63069151774137, 41.932583668472624], [-87.63069144537683, 41.93258359832663], [-87.63069143701502, 41.93258359004282], [-87.63069137992825, 41.93258353426026], [-87.630689398154, 41.93258160694262], [-87.63066159081542, 41.93255456071807], [-87.63065930495992, 41.932548696330045], [-87.63065923203808, 41.93254850955135], [-87.6306592343213, 41.93254850243035], [-87.63066080237627, 41.932543657230276], [-87.63066379733874, 41.93253440421788], [-87.63066958770945, 41.93253106563782], [-87.63068498936417, 41.932522185749846], [-87.63069841708312, 41.93252184805722], [-87.63070869988978, 41.93252158963525], [-87.63076184595951, 41.93256815465224], [-87.63076184904713, 41.93256820818339], [-87.63076418865447, 41.93261180562403], [-87.63076764318896, 41.9326761748365], [-87.63076296051804, 41.93270100962295], [-87.63076972549655, 41.932931052442974], [-87.63077251479588, 41.9330259009036], [-87.63077064189402, 41.933026375169995], [-87.63073083293511, 41.93303645779151], [-87.63073061256301, 41.93306326772705], [-87.63073072405925, 41.933063188003736], [-87.63073925605636, 41.933057109081545], [-87.63075035498787, 41.93304920092844], [-87.63078906463033, 41.93302814238553], [-87.63090763553357, 41.932983588513196], [-87.63136464134828, 41.932970491965875], [-87.63138352967309, 41.93296995102649], [-87.6313826621753, 41.93292243919188], [-87.63138042977222, 41.932800147850074], [-87.6313838519285, 41.9327528310088], [-87.63139073456972, 41.93271835027299], [-87.6314004876448, 41.9326902544944], [-87.63142165125313, 41.93266060883358], [-87.6314247504491, 41.93265702379803], [-87.6314413791255, 41.9326377880441], [-87.63147374583451, 41.93261531893267], [-87.63149591678956, 41.93260433982504], [-87.63149671641749, 41.93260401129036], [-87.63151791937585, 41.932595308902165], [-87.63159975617877, 41.93257920630083], [-87.63177194986329, 41.93258125390066], [-87.63181810269614, 41.932581802633756], [-87.63199679714651, 41.932604258300444], [-87.63224597498258, 41.93258691330049], [-87.63244210853674, 41.93258914010027], [-87.63250583516944, 41.9326008489954], [-87.63256157290797, 41.932628974406185], [-87.63282239266788, 41.93293311604525], [-87.6339261399164, 41.93290622812362], [-87.6339300278013, 41.933012933564356], [-87.63399845703383, 41.933014722211226], [-87.63401158403292, 41.933013795585744], [-87.6341147727965, 41.93300651217876], [-87.63423994335174, 41.93298669274136], [-87.63436062135725, 41.932957583807145], [-87.63446987144161, 41.932923260052746], [-87.63457831126175, 41.932878983746], [-87.63472384397673, 41.93280337397503], [-87.6362395165631, 41.932854065248385], [-87.63675079817905, 41.93289429726556], [-87.63702673703484, 41.93291141026594], [-87.63734572931537, 41.93293119246266], [-87.6379545027969, 41.9329321176147], [-87.63795470676145, 41.93293211802672], [-87.63808930351176, 41.932932321979735], [-87.6387433657621, 41.932922010938846], [-87.6393243038556, 41.93291096962365], [-87.63932436891876, 41.93291096837038], [-87.63970512101979, 41.93290373054717], [-87.64005646226339, 41.93289696124106], [-87.64031925475307, 41.93289155845043], [-87.64103668651931, 41.9328768056459], [-87.64134291660098, 41.93287030484709], [-87.64134293056846, 41.93287030465684], [-87.64143917117553, 41.932868261721715], [-87.64148949098482, 41.93286719365325], [-87.64171126110855, 41.932862484770205], [-87.64228067872764, 41.93285268647604], [-87.64249406511424, 41.93284841711073], [-87.64273777733253, 41.932843540791204], [-87.6430726163154, 41.93283684082133], [-87.64346272113791, 41.93282915719226], [-87.64361139148667, 41.93282622849379], [-87.64361146573984, 41.93282622701886], [-87.64412458304948, 41.93281611758606], [-87.64427356690153, 41.93281318195357], [-87.64488630958985, 41.932800616484634], [-87.64488647206353, 41.93280061334251], [-87.64538762795087, 41.932790334611205], [-87.64604375872985, 41.93277881407979], [-87.6465811803876, 41.93276759711382], [-87.64666885135443, 41.93276576719579], [-87.64713918673297, 41.93275594796978], [-87.64766681052855, 41.93274675763678], [-87.6480741615385, 41.93273966049905], [-87.64836209293298, 41.93273396013218], [-87.64864612894971, 41.93272833625249], [-87.64901192378262, 41.93271997315727], [-87.64986950305887, 41.93270036152989], [-87.65021864672447, 41.93269613721027], [-87.65067915967013, 41.93269056334412], [-87.65093975820844, 41.93268740830725], [-87.65143845823232, 41.93267897768427], [-87.65205755930394, 41.932668508830716], [-87.65211931178858, 41.932667464147066], [-87.65263979497512, 41.93265913503995], [-87.65300827643529, 41.93265323587923], [-87.65311111043843, 41.932651589127964], [-87.65323720260072, 41.93264957017509], [-87.6534053755905, 41.932646876855586], [-87.65385860754009, 41.93263808467939], [-87.65416951310779, 41.932632052630716], [-87.65471934460061, 41.93262169231468], [-87.65518479461971, 41.93261489575239], [-87.65548866217325, 41.93261045741018], [-87.65584682486987, 41.93260470034734], [-87.6562843096585, 41.93259766653167], [-87.65647765276816, 41.932594557583265], [-87.6571683221299, 41.93258336916322], [-87.65745661401795, 41.93257826528296], [-87.65810818369945, 41.93256672660701], [-87.65871047885629, 41.932556205366105], [-87.65932424080272, 41.9325454801682], [-87.65950924172722, 41.93254224661649], [-87.65980571092493, 41.932538065995125], [-87.65986853573087, 41.93253717985369], [-87.6599173482532, 41.932536491406104], [-87.6604272328632, 41.93252929863001], [-87.66053576712409, 41.93252756392628], [-87.66112899706482, 41.93251807922968], [-87.66196985588196, 41.932504630261846], [-87.66235043497078, 41.932498961750326], [-87.66335918519624, 41.93248393122105], [-87.66356800062388, 41.932480461811366], [-87.66426867158097, 41.93246881755651], [-87.66477158154281, 41.93246079755771], [-87.66598487006638, 41.9324414323207], [-87.66607575807211, 41.932439981414134], [-87.66706947811781, 41.932421163831684], [-87.66719114255739, 41.93241941340662], [-87.66779016085962, 41.932410797238504], [-87.66839400829271, 41.93240354015152], [-87.66899915530539, 41.932396264081696], [-87.66905774722035, 41.932395558627164], [-87.66924751573441, 41.932393277134146], [-87.66961257678268, 41.93238837266871], [-87.66996790149182, 41.93238359794669], [-87.67035280555389, 41.93237842432247], [-87.67082610107765, 41.9323733788416], [-87.67131468220016, 41.93236816762466], [-87.6720647491251, 41.93235846364562], [-87.67238449613542, 41.932354325324454], [-87.67299118192108, 41.93234707082302], [-87.6730801656409, 41.932346006544996], [-87.67327379286414, 41.93234378257205], [-87.67336415409336, 41.9323427446535], [-87.67338221198175, 41.933395005992566], [-87.67339078278154, 41.93363311664982], [-87.67347292077442, 41.9359859268001], [-87.67335239722858, 41.935987454427014], [-87.67335494869342, 41.93611128414708], [-87.67336170074924, 41.93640050876738], [-87.6733627133931, 41.93644110158747], [-87.67336778589633, 41.93664444992757], [-87.67337367759316, 41.936899421724874], [-87.67337858667419, 41.9371118524731], [-87.67338309539156, 41.93728059295185], [-87.67338495138924, 41.93735000490835], [-87.67339110657718, 41.93758014301127], [-87.67339897260328, 41.93781011201525], [-87.67340703459261, 41.93804581864983], [-87.67341247686413, 41.938266046273455], [-87.67341305129113, 41.93828929310278], [-87.67341943108768, 41.93855099069102], [-87.67342151281666, 41.938718756975476], [-87.67342430917985, 41.938944155388384], [-87.67343198050177, 41.939176881704974], [-87.67343231657014, 41.93918706468426], [-87.67344032400942, 41.939429973969794], [-87.67343994610063, 41.93963260921292], [-87.67343962714138, 41.939804144022915], [-87.67344746447006, 41.940234674439196], [-87.6734732011543, 41.94054402812023], [-87.67349939651172, 41.940858898095996], [-87.67350375809481, 41.94099574981631], [-87.6735093388116, 41.94117086292155], [-87.67351488187481, 41.94145508832975], [-87.67352246763029, 41.94184401210785], [-87.67352426666213, 41.941906920436374], [-87.6735299516835, 41.942105688983204], [-87.67353264435238, 41.94227911148534], [-87.67353400801652, 41.94236695866509], [-87.67353525128676, 41.942447017615], [-87.67354039986901, 41.942778575949596], [-87.67354132784959, 41.94282026592364], [-87.67354520004284, 41.94299394216187], [-87.67355971294067, 41.94327665619374], [-87.67356702465926, 41.94341909172385], [-87.67357413966386, 41.94371295577954], [-87.67357504993113, 41.94373864686807], [-87.67357581905533, 41.943760344311784], [-87.67357716745464, 41.94379840884144], [-87.67357894336084, 41.94384852265916], [-87.67357972045042, 41.94387044599716], [-87.67358413366574, 41.94399500906934], [-87.67359067979326, 41.94418889751252], [-87.67359959318081, 41.944452915074486], [-87.6736063350672, 41.94464137135484], [-87.67360735469903, 41.94466986244134], [-87.67361161942432, 41.944876580952574], [-87.67362047626136, 41.94509486197333], [-87.67363193187938, 41.94537718785863], [-87.673635507144, 41.945489666323105], [-87.6736453936271, 41.94580069753598], [-87.67365145106356, 41.94611521932534], [-87.67365266323714, 41.94646472943239], [-87.67372245249092, 41.94692668143095], [-87.67361144176128, 41.94716495323175], [-87.67361856962546, 41.94740220376387], [-87.67361929590945, 41.94742638473545], [-87.6736204877911, 41.947560391543846], [-87.67362978342727, 41.947828197887596], [-87.6736339844707, 41.947991228314514], [-87.67364132128493, 41.948274363535425], [-87.67364614053615, 41.94845940609264], [-87.67367310950463, 41.94874882856987], [-87.67368052950549, 41.94882845338446], [-87.67368428631096, 41.94895967579944], [-87.67368651790555, 41.94904629598613], [-87.67369172741604, 41.94925055025012], [-87.67369721620429, 41.94945977313656], [-87.6737024616949, 41.949660542442075], [-87.67370700622428, 41.94983438698671], [-87.67370718090541, 41.94984108386929], [-87.67371539510206, 41.95015682528184], [-87.67372381649584, 41.95048096515703], [-87.67371736611237, 41.95057779605055], [-87.67371042131192, 41.95068203896313], [-87.67371725175559, 41.95099294256641], [-87.67371902784254, 41.95107379725981], [-87.67372884469955, 41.95142664955785], [-87.67373833235689, 41.95176868774803], [-87.67374793423, 41.952113882416924], [-87.67375400757493, 41.952330655412304], [-87.67375268034883, 41.95240026788438], [-87.67375024541845, 41.95252796977121], [-87.67375983613226, 41.9528577141462], [-87.6737675757394, 41.95312553901324], [-87.67377887290868, 41.95351314139797], [-87.67378493106418, 41.953721955492156], [-87.67379530948136, 41.95407969581987], [-87.67379435717196, 41.95416168681524], [-87.6737936582872, 41.95422191410759], [-87.67379298492949, 41.954279879218745], [-87.67379204048119, 41.954361178166515], [-87.67380032571087, 41.95463800683254], [-87.67380949333821, 41.95494332545664], [-87.67382162959169, 41.95534942851265], [-87.67383112779234, 41.95566556118398], [-87.6738405086387, 41.95597878430092], [-87.67384267922287, 41.95606732497671], [-87.67384677179457, 41.95623425132031], [-87.67385577218815, 41.9565344646669], [-87.6738608367786, 41.95670293333739], [-87.67387446131072, 41.957157260570874], [-87.67388717314698, 41.9576502758721], [-87.67389497994378, 41.95779526983139], [-87.67388599305811, 41.957877566981814], [-87.67387666959105, 41.95796294559006], [-87.67387828192632, 41.95802055579499], [-87.67389391100225, 41.958565837510434], [-87.67390851058428, 41.95907541110935], [-87.673922895815, 41.95957729964814], [-87.6739255061455, 41.95970497547465], [-87.6739282728493, 41.95984030798782], [-87.67393797370923, 41.960179630127165], [-87.67394733843007, 41.96050876930496], [-87.67395902327148, 41.96092310198899], [-87.6739726564409, 41.9614053100775], [-87.67397665771993, 41.9615254349327], [-87.67384475540392, 41.9615287779823], [-87.67319586579559, 41.96153815529764], [-87.67306351087511, 41.96154006703599], [-87.67257862011859, 41.96154710158405], [-87.6724189890483, 41.96154844780182], [-87.67229625641714, 41.96154948266466], [-87.67164338582563, 41.961558976468964], [-87.67162332899747, 41.96155926810918], [-87.67099772217638, 41.96156837037902], [-87.6708383260307, 41.961570243190515], [-87.67070479502965, 41.96157181172692], [-87.67014694339238, 41.961580171162446], [-87.67004655862414, 41.96158100916986], [-87.6698127696021, 41.9615829603311], [-87.66947481939435, 41.96158833368665], [-87.66937471054682, 41.96158982692092], [-87.66925813532069, 41.961591565652775], [-87.66906251648088, 41.9615944833157], [-87.6687759009393, 41.96159913626907], [-87.66859975357089, 41.96160243423617], [-87.66848334101519, 41.961604613568184], [-87.66799728457818, 41.961608567161676], [-87.6678342406821, 41.961610037058875], [-87.66772611146665, 41.96161179355626], [-87.66750059151308, 41.96161545697581], [-87.66714301505112, 41.96162002358765], [-87.66694878241226, 41.96162249536775], [-87.66683217659732, 41.96162398255872], [-87.66631611462293, 41.961630150800644], [-87.66615519749807, 41.96163223439483], [-87.66595356281502, 41.96163462634895], [-87.66590570187857, 41.961472745354136], [-87.66583424321125, 41.96129140435378], [-87.66577840202355, 41.961149643251574], [-87.66567234462866, 41.9608804235451], [-87.66561348096042, 41.96073093300559], [-87.66558115323285, 41.96064883094906], [-87.66546632110041, 41.960350361903906], [-87.66544607482152, 41.96029774441985], [-87.66539594740665, 41.960167462438164], [-87.66531383397648, 41.959953951861394], [-87.665268833848, 41.9598387335171], [-87.66518635459236, 41.95962755493244], [-87.66512224038144, 41.95947207917331], [-87.66508414333764, 41.95937970913342], [-87.66505525723232, 41.95930967127155], [-87.66500154236242, 41.95917944779743], [-87.6649506228733, 41.95905610108927], [-87.66489614101313, 41.95892507809847], [-87.66484546746872, 41.958803213819785], [-87.66478741492907, 41.958665967247946], [-87.66471422062125, 41.95849298519905], [-87.66468357978304, 41.95842055174909], [-87.66464496848394, 41.95832976799878], [-87.66456872389529, 41.95816025322639], [-87.66450543074193, 41.95802758706435], [-87.66447119031159, 41.95795581781134], [-87.66433748160738, 41.957751171516584], [-87.66425807261216, 41.957620743054186], [-87.66422533814021, 41.95756697517719], [-87.66404966497888, 41.95727842319032], [-87.66394433926911, 41.95710920495705], [-87.66380872664544, 41.956893597527646], [-87.66375831759916, 41.95681322753444], [-87.6637066401648, 41.956731148710695], [-87.66364844289541, 41.95663668289227], [-87.66350136541793, 41.95639726503861], [-87.66337728797309, 41.95619528653267], [-87.66329427468094, 41.95606047853729], [-87.66307139150389, 41.95569852807894], [-87.66287968533803, 41.955384486529475], [-87.6622499612103, 41.95437810445788], [-87.66131592499993, 41.954394096892], [-87.65982136875081, 41.95441239690389], [-87.6596382575131, 41.954415137010386], [-87.65929492685565, 41.954420273528235], [-87.65832614381699, 41.95443476239746], [-87.6574694599943, 41.9544470383773], [-87.65708834393455, 41.95444955372414], [-87.65686300331372, 41.954451040667074], [-87.65677399697476, 41.954451626501516], [-87.65668017317168, 41.95445224397237], [-87.65659023554376, 41.95445283597565], [-87.65613555631546, 41.95446205138152], [-87.65567984811487, 41.95447128580615], [-87.65542977922999, 41.95447505177757], [-87.65454473816624, 41.954488375851085], [-87.65382290576397, 41.95449923743345], [-87.65333660509431, 41.95450655235937], [-87.65253693200486, 41.95451613799127], [-87.6522750463365, 41.95452016976955], [-87.65212349485823, 41.95452250277882], [-87.65130934156865, 41.95453503178002], [-87.6505306211509, 41.95454776272366], [-87.65044595159988, 41.95454852394251], [-87.65025794573842, 41.95455166782668], [-87.6501018458803, 41.954555294362834], [-87.6498966107008, 41.9545572012143], [-87.64969983418304, 41.95456123131653], [-87.64928620118224, 41.95456970187571], [-87.64904826206833, 41.954573607717975], [-87.64869641008582, 41.95457930361656], [-87.64840688251337, 41.95458405304875], [-87.6482103091492, 41.95458732605427], [-87.64800026399423, 41.95459095243996], [-87.64793629595654, 41.95459205683802], [-87.64664819626171, 41.95461381611235], [-87.64615829529345, 41.95462300333208], [-87.6458064120401, 41.95462814106861], [-87.64555785027812, 41.954631784241585], [-87.64525641675145, 41.95463697470442], [-87.64509528271898, 41.954639748956296], [-87.64494056980084, 41.95464395910867], [-87.64482037002286, 41.954647537953456], [-87.644649960715, 41.95465261213306], [-87.6445732390435, 41.954654896647156], [-87.64445782702205, 41.95465833287069], [-87.64430883973236, 41.95466276889538], [-87.64418574980918, 41.954659394017455], [-87.64411408589211, 41.954657428716374], [-87.64399618364608, 41.954654196192635], [-87.64102430213292, 41.954802805532566]]]]}, "properties": {"community": "LAKE VIEW", "shape_area": "87214799.2728", "area_num_1": "6", "area_numbe": "6", "shape_len": "51973.0968677"}}, {"type": "Feature", "geometry": {"type": "MultiPolygon", "coordinates": [[[[-87.63181810269614, 41.932581802633756], [-87.63181810272621, 41.93258179988972], [-87.63181983796588, 41.932510443253335], [-87.63182026770552, 41.93249275747102], [-87.63182144842999, 41.93244420135107], [-87.63182144255022, 41.93244420131514], [-87.63182122573451, 41.93244419999044], [-87.63177566517152, 41.932443976225606], [-87.63168480789791, 41.932443530528474], [-87.63159272285266, 41.93244307807885], [-87.63157220240437, 41.932443634873096], [-87.6315390866141, 41.93244453399498], [-87.63143022049672, 41.932435389165875], [-87.63142057068929, 41.932434562890805], [-87.6314022411139, 41.93243299420433], [-87.63139706629899, 41.93243255148438], [-87.63139696253864, 41.93243252917071], [-87.63129891316407, 41.93241167133642], [-87.63127417024289, 41.93240249184318], [-87.63125452669817, 41.932394166517085], [-87.63125443675894, 41.93239425789844], [-87.63125344445446, 41.93239526609385], [-87.63124776192058, 41.93240104058223], [-87.63128073820758, 41.93241849100482], [-87.6312808657283, 41.93241855846904], [-87.63122930088554, 41.93248256846412], [-87.63115470508849, 41.93257232379994], [-87.63115182997109, 41.93257578314133], [-87.6311517633064, 41.932575863413646], [-87.63107246147945, 41.93259189887369], [-87.63107198555493, 41.93259173130967], [-87.63106821388618, 41.9325895795508], [-87.63106508282512, 41.932587792849105], [-87.63105676212393, 41.93257793549238], [-87.63105539583314, 41.93257631737711], [-87.63105511570562, 41.932575688609866], [-87.63105152248475, 41.932567621956224], [-87.63105374386743, 41.932557657840256], [-87.63105376473507, 41.93255756466447], [-87.63105743269126, 41.932554228725145], [-87.63106248785671, 41.932549632343914], [-87.63106554491377, 41.93254831543107], [-87.63106858092172, 41.93254700771975], [-87.63107749259254, 41.93254453452692], [-87.63107779708314, 41.93254444994638], [-87.63107783357852, 41.93254443974158], [-87.6310778697034, 41.93254442980891], [-87.63108356410717, 41.93254343884851], [-87.63111001536997, 41.9325388361156], [-87.63112548644199, 41.932522080961064], [-87.63119251658561, 41.932442085567324], [-87.63122744713078, 41.93239986916604], [-87.63123842755724, 41.93238659858618], [-87.63123851359259, 41.932386494557555], [-87.63123850517357, 41.93238649148744], [-87.63123747111864, 41.932386145978946], [-87.63119018215112, 41.93237034593204], [-87.63116797186183, 41.93236068821876], [-87.63115890640374, 41.93235674614231], [-87.63111677580885, 41.93233876961334], [-87.63108680887548, 41.93232278320362], [-87.631071857866, 41.932314009326994], [-87.63105877098852, 41.932306329444415], [-87.63104121620144, 41.9322971192237], [-87.6310319893655, 41.93229227796745], [-87.63102098302221, 41.93228596590148], [-87.63100076060357, 41.932274368352594], [-87.63096446484111, 41.93225068079108], [-87.6309339456789, 41.93222654969054], [-87.6308501217582, 41.93216691926642], [-87.63081868374613, 41.93211899123729], [-87.63079322142744, 41.93208017352136], [-87.63073643976612, 41.93198262860139], [-87.63072092081248, 41.931946889805516], [-87.63068706735179, 41.931868929323464], [-87.63067418446016, 41.93177537334393], [-87.6306736718616, 41.931771650144235], [-87.6306818513216, 41.931685302594204], [-87.63069726128423, 41.931598999015606], [-87.63071707570303, 41.93155579509402], [-87.63071707720607, 41.93155579208457], [-87.63074171360621, 41.931502073554356], [-87.63078634354873, 41.93138894948871], [-87.6308030521265, 41.9313360622312], [-87.63080305518073, 41.931336051821845], [-87.63082380208887, 41.9312703820006], [-87.63084346770913, 41.93120813336294], [-87.63084346961274, 41.93120812733731], [-87.63086126012296, 41.93115181422014], [-87.63087780954366, 41.93109255417378], [-87.63089136869888, 41.93104400161013], [-87.63089710440104, 41.93101696031519], [-87.63091424599331, 41.9309361442029], [-87.63093650616447, 41.93086258904473], [-87.6309365069265, 41.93086258657959], [-87.63095176289241, 41.93081217694583], [-87.63097481806336, 41.93068812148472], [-87.6309834704645, 41.93055857756572], [-87.63099192577444, 41.93047932409661], [-87.63099192580152, 41.930479321626976], [-87.63099529652955, 41.9304477271937], [-87.6309995905083, 41.93040748039588], [-87.6310084797345, 41.93025633871588], [-87.6310091548287, 41.93019479686632], [-87.63101016931273, 41.93010231574415], [-87.6310103751131, 41.93008355477502], [-87.63100120782094, 41.929948289362386], [-87.63100120753477, 41.92994828195123], [-87.63099792753462, 41.929899883493896], [-87.63099377788595, 41.92986051149173], [-87.63098482847236, 41.92977560657843], [-87.63097592238877, 41.92971606620097], [-87.63096461688721, 41.92964048627419], [-87.63093741203168, 41.92948372425298], [-87.6309317330701, 41.92944980086892], [-87.6309242079468, 41.92940484677621], [-87.63092420725401, 41.92940484293005], [-87.63091026617931, 41.92932156223222], [-87.63088550917074, 41.92922166661852], [-87.63086871809703, 41.929153912561574], [-87.63084306131218, 41.929049689010434], [-87.63083410497863, 41.92901330430933], [-87.63074947005386, 41.9288183916777], [-87.63070768569305, 41.92867233969672], [-87.63069399487236, 41.92860205794375], [-87.63065577375792, 41.92853491199815], [-87.63062305159097, 41.92847742696671], [-87.63058484745743, 41.92840272049924], [-87.6305848413431, 41.928402708387246], [-87.63055933874261, 41.92835283992468], [-87.63053688079363, 41.92831164289282], [-87.6305368779142, 41.92831163738674], [-87.63048845562825, 41.92822280970043], [-87.63045907201042, 41.92817801073011], [-87.63039599914146, 41.92808184720395], [-87.63061137668173, 41.92799642597681], [-87.63061142540009, 41.92799640679099], [-87.63061144237847, 41.92799640003436], [-87.6305955296997, 41.92796947212704], [-87.63057297970666, 41.927934729217114], [-87.63055995710972, 41.92791568777106], [-87.630544804609, 41.9278935309456], [-87.63052054022899, 41.92785776244443], [-87.63051475158518, 41.92785036893365], [-87.6304712532703, 41.92779481046925], [-87.63042167795733, 41.92773754712268], [-87.63038481514124, 41.92769496742258], [-87.63032679690942, 41.927627379080825], [-87.63030974216348, 41.927609568124346], [-87.63027713174367, 41.92757551108129], [-87.63023101287564, 41.92752702040875], [-87.63022819668271, 41.92752405916383], [-87.63022417142074, 41.92751996538457], [-87.63014311932892, 41.92743753455758], [-87.63012253517842, 41.92741894125972], [-87.63010567778501, 41.927403715439226], [-87.63008665906855, 41.92738880733161], [-87.63006015359694, 41.92736627986447], [-87.63003116036738, 41.927342776675765], [-87.62998053551892, 41.92729136945966], [-87.62995291771581, 41.92726208903601], [-87.62992695561631, 41.927234564621955], [-87.62991179441109, 41.92721835246287], [-87.62987843121468, 41.927182676542515], [-87.62986510125785, 41.92716769485372], [-87.62984793915855, 41.927148405955855], [-87.62982191869278, 41.927116034317415], [-87.62981045426812, 41.927101771512525], [-87.62980409404017, 41.927094138185545], [-87.62979119514438, 41.92707865721125], [-87.62977997012615, 41.92705805836676], [-87.62976360233361, 41.92702802191733], [-87.6297312063346, 41.92696975569156], [-87.62969514204933, 41.92690424994996], [-87.62966273323583, 41.92684043975034], [-87.62964201942614, 41.92680485088497], [-87.6296392181266, 41.9268000381908], [-87.6296392045167, 41.92679997252052], [-87.62963569269368, 41.926783139626195], [-87.62962653559103, 41.92675361057247], [-87.62962200669779, 41.92673442815398], [-87.62962098920089, 41.92673007726739], [-87.62961828631715, 41.92671851686223], [-87.62961475674088, 41.926699220919986], [-87.62961083335547, 41.926677773838975], [-87.62960697089946, 41.92664994709196], [-87.62960691063157, 41.92664951258683], [-87.6296027965006, 41.92661987640425], [-87.62959803084496, 41.92658381996518], [-87.62959750396543, 41.92657983377363], [-87.62959840140442, 41.926550604539244], [-87.62959931157056, 41.92652095277267], [-87.62960019489653, 41.92649217158277], [-87.62959865919261, 41.92645475871247], [-87.62960055760225, 41.92644311948306], [-87.62960255844807, 41.92643085300367], [-87.62959992647782, 41.92640274373272], [-87.62959957294836, 41.92639896716431], [-87.62959956606124, 41.92639889165601], [-87.62960085913313, 41.926386760519435], [-87.62960194318553, 41.92637659543383], [-87.62960300252713, 41.92635042233199], [-87.62960513900215, 41.926342532892974], [-87.62961273035097, 41.92631450576376], [-87.62962011841428, 41.92626424864816], [-87.62962363620173, 41.92624823517521], [-87.62962913102784, 41.92622322371767], [-87.62963827102736, 41.926199965105724], [-87.62963841771354, 41.92619959141854], [-87.6296429728876, 41.9261908992985], [-87.6296505433907, 41.92617409535392], [-87.62966281430657, 41.92615427522735], [-87.62969117359184, 41.92612505292528], [-87.6296912479257, 41.926124976542624], [-87.62969557919139, 41.926117932599546], [-87.62969768646025, 41.92611450508312], [-87.62969770329389, 41.926114478018484], [-87.62969772012755, 41.926114450953875], [-87.62969966735969, 41.92610120857284], [-87.62970625143487, 41.926092273122094], [-87.62970626075976, 41.9260922605558], [-87.62970627008465, 41.926092247989516], [-87.62970976614567, 41.926092154156315], [-87.62971460755051, 41.92609202438531], [-87.62971461085753, 41.92609202440558], [-87.62971461379713, 41.926092024423596], [-87.629717262781, 41.92609257084008], [-87.62972824332529, 41.926094835700454], [-87.62972832618453, 41.92609485294796], [-87.62976855662336, 41.92611225085088], [-87.6298211752991, 41.92613266096069], [-87.62987644973381, 41.9261601289887], [-87.62987646142885, 41.9261601348232], [-87.62987647239501, 41.92616014010442], [-87.62988023107852, 41.92615734811019], [-87.62990629697218, 41.926137984588806], [-87.62994013472836, 41.926108499960705], [-87.629960592604, 41.926092681084995], [-87.63002739499058, 41.92602945207174], [-87.63004610981092, 41.92601126576658], [-87.63010246259378, 41.92595650338933], [-87.63017717453701, 41.925885776395546], [-87.63018745409236, 41.92587490801553], [-87.63021885153235, 41.92584171216761], [-87.63024229946377, 41.925811560096186], [-87.63025869711858, 41.925790474566604], [-87.63026518860825, 41.925780556908215], [-87.63027010333388, 41.92576996494425], [-87.6302712979515, 41.92576739049561], [-87.63027496879712, 41.92574762713643], [-87.63027496854718, 41.92574761643244], [-87.63027496829422, 41.92574760600284], [-87.6302733157341, 41.92568729902789], [-87.63027257137009, 41.925571049249285], [-87.63027011165079, 41.92543020073998], [-87.63025924531198, 41.9252820285645], [-87.63024864504762, 41.925156415515744], [-87.63023672263976, 41.925041783328815], [-87.63023102933849, 41.924987043777826], [-87.63021752957619, 41.924874476009585], [-87.6302052705412, 41.92478288059278], [-87.63019161558596, 41.92467769409865], [-87.63018792985525, 41.92465949462524], [-87.6301696915461, 41.9245694372196], [-87.63015634473122, 41.92448204394463], [-87.63014637977223, 41.92441679804026], [-87.6301325643477, 41.92434926264875], [-87.63012266566166, 41.92430087407968], [-87.63011139403244, 41.92425969083743], [-87.63009199999985, 41.924188831499464], [-87.63008366939931, 41.92415442281588], [-87.6300853185116, 41.92412806039261], [-87.63008315180562, 41.92411114326248], [-87.63008118406508, 41.9240862136733], [-87.63008375328724, 41.92405637227186], [-87.6300817891998, 41.92404603373424], [-87.6300800370173, 41.9240368103742], [-87.63004463331364, 41.923907889781255], [-87.63000791548185, 41.92377848857012], [-87.62997946916812, 41.92367823829603], [-87.62993780264553, 41.923547467837615], [-87.62992119889837, 41.9235101821824], [-87.62990313078637, 41.92348243662428], [-87.6298644751274, 41.92344894064867], [-87.62978816547776, 41.923374268502734], [-87.62974167893591, 41.923330985806075], [-87.62970559783632, 41.92329739084394], [-87.62958141445073, 41.9231988536785], [-87.62956239932842, 41.92318711919072], [-87.62949513384203, 41.92314560775935], [-87.62945009811122, 41.923112813199495], [-87.629432614526, 41.92310008177238], [-87.62941384087988, 41.9230874445189], [-87.6293506180707, 41.923044887264986], [-87.62927316821659, 41.922997184588695], [-87.62923567575378, 41.922965130211544], [-87.6292075702616, 41.92294110151149], [-87.62917918594088, 41.92291152090422], [-87.62915017061508, 41.92288128219729], [-87.62913010268538, 41.922860579098376], [-87.6291055890377, 41.92283528975219], [-87.62904217409498, 41.9227811420219], [-87.62904214894459, 41.92278112348132], [-87.62904212306238, 41.922781104661865], [-87.62904161235681, 41.922780732156916], [-87.62901312120853, 41.92275994279353], [-87.62900829184952, 41.922755091021756], [-87.62900328222347, 41.922750058397426], [-87.6290031997226, 41.92274997556466], [-87.62850601414202, 41.923045023282036], [-87.62838292882016, 41.9231180661171], [-87.62834878807753, 41.92308576419339], [-87.62833630665442, 41.92307395490983], [-87.6288608501246, 41.922762607978235], [-87.62926848561422, 41.9225206487641], [-87.62926861848523, 41.9225207623664], [-87.62930430590743, 41.92255130128433], [-87.62948583344148, 41.922440505316324], [-87.62948583335805, 41.92244044604059], [-87.62948581168047, 41.92243760399047], [-87.62948572847597, 41.92242661890494], [-87.62947969673654, 41.92239699920762], [-87.62946155195847, 41.92235832121899], [-87.62945610820341, 41.92234671738074], [-87.62944752069517, 41.92232567170632], [-87.62943108375971, 41.922293689657955], [-87.62942690662447, 41.92228556200648], [-87.62937863432714, 41.92221773073883], [-87.62932649427296, 41.92214743337744], [-87.62932222815691, 41.92214115148972], [-87.6293136941264, 41.92212858440965], [-87.62930036731244, 41.92210897754976], [-87.62928921300403, 41.92209256703359], [-87.62927161666487, 41.92206374852761], [-87.62925831636589, 41.92204196620518], [-87.62919233430331, 41.92195349919793], [-87.62914265785244, 41.92188689466627], [-87.6291139249623, 41.92185159842788], [-87.6290398751582, 41.92176063345392], [-87.62898827175613, 41.921691656453355], [-87.6289149690003, 41.92161608887656], [-87.62889987458666, 41.92160052791005], [-87.6288707988805, 41.92154140306203], [-87.62885208195141, 41.92148250696418], [-87.62882101825784, 41.9214442773197], [-87.62878664463658, 41.92140197413914], [-87.6287628246364, 41.9213787926923], [-87.62873505574741, 41.92135176787276], [-87.62867969792522, 41.92129352504658], [-87.62862961203575, 41.92121162970552], [-87.62862804622866, 41.921209069888754], [-87.62862530444961, 41.92120321774473], [-87.62859375981225, 41.92113589082847], [-87.62857537014581, 41.92109520488786], [-87.6285656372635, 41.92107367077677], [-87.62854660213256, 41.921047099899326], [-87.62853585986761, 41.92103334851948], [-87.62853576783576, 41.9210332305018], [-87.62818135056264, 41.92120151000404], [-87.62817230418639, 41.92120580568829], [-87.62816553903077, 41.92120905528817], [-87.62780268334768, 41.92138336436053], [-87.62777881072276, 41.92139447721964], [-87.62775706917716, 41.9214045982346], [-87.62774751054131, 41.92139841987893], [-87.62773699182209, 41.92140260933554], [-87.62773697357501, 41.921402597972076], [-87.62773695569231, 41.92140258688529], [-87.62773214309833, 41.92139959986178], [-87.62772802208073, 41.92139704244253], [-87.62772801806933, 41.92139703967367], [-87.62772801478674, 41.921397037458085], [-87.6277260936621, 41.9213947471238], [-87.62771031594146, 41.92137593593441], [-87.62771021281691, 41.92137579095452], [-87.62770477929959, 41.921368163199936], [-87.62770319430358, 41.92136197868263], [-87.62779600716554, 41.92131719551452], [-87.6279016028867, 41.92126624495308], [-87.62826946485374, 41.921091529423904], [-87.62876114809688, 41.92085717193], [-87.62879459672885, 41.920889539473], [-87.62893387888734, 41.92082077305673], [-87.62892835793838, 41.92078149678914], [-87.62891954678796, 41.92074009469351], [-87.62891721184674, 41.92072912323276], [-87.62887993420361, 41.92066885476224], [-87.62886132608918, 41.92063877065552], [-87.62884372677544, 41.92060526492524], [-87.62877808732324, 41.92048633887926], [-87.62873781547371, 41.920389550243584], [-87.6287337868618, 41.92038043253673], [-87.6287308241029, 41.92037372778017], [-87.6286805801036, 41.920288293625696], [-87.62862876432472, 41.92022543503882], [-87.62858788032698, 41.92016377661446], [-87.62856059702085, 41.92012262993328], [-87.62855156530507, 41.9201117523754], [-87.62850253893768, 41.92005270693645], [-87.62842682956929, 41.91997751723041], [-87.6283840223461, 41.91994544008751], [-87.62834013171471, 41.91991255084687], [-87.62832784656725, 41.91990549795338], [-87.62829693691388, 41.9198877519924], [-87.62828562620746, 41.91987759587181], [-87.62827299548748, 41.9198662549214], [-87.62825853412828, 41.91985632258998], [-87.62824446881615, 41.919846662171544], [-87.6282263902136, 41.9198342455059], [-87.62820216178112, 41.91981018602205], [-87.62817466947826, 41.91978288504411], [-87.62811584153091, 41.91970626148839], [-87.62808138434504, 41.919666033578416], [-87.62804270707846, 41.919620879101], [-87.62802783751364, 41.91960361303804], [-87.62800051283186, 41.919571882771784], [-87.62798619733135, 41.91954381115662], [-87.62798195397356, 41.91953549012355], [-87.62797377413115, 41.919525782126726], [-87.62795613051112, 41.919504842883256], [-87.62759548385644, 41.91968248297733], [-87.62743363508159, 41.91975986203071], [-87.62735021407177, 41.91979974522599], [-87.62734233461285, 41.919782925728505], [-87.62733456213901, 41.91976633438443], [-87.62733141604184, 41.919759877639585], [-87.62732504013613, 41.91974679184644], [-87.62732512067335, 41.91974675227599], [-87.62737139564719, 41.9197242095175], [-87.6276186542749, 41.919603756935665], [-87.62808268984188, 41.91937672380259], [-87.62829692333436, 41.91927273916201], [-87.62836506411432, 41.919239664556116], [-87.62836525029383, 41.91923957431652], [-87.62839652938366, 41.9192719009461], [-87.62841927328314, 41.919258566709104], [-87.62843576635998, 41.91923892628558], [-87.62843578461063, 41.91923890389498], [-87.62843580359306, 41.9192388817833], [-87.62843620190291, 41.91921948338556], [-87.62842460339579, 41.91917155263441], [-87.62841534781306, 41.919156591930566], [-87.6284063001769, 41.919141967297975], [-87.62838065651552, 41.91911541042367], [-87.62834722900224, 41.91908079234313], [-87.62829408800616, 41.91902495039774], [-87.62822634351195, 41.91892398602735], [-87.62819661316102, 41.91886768433858], [-87.62816785809999, 41.918826894323054], [-87.62815204215256, 41.91880445810585], [-87.62808227768035, 41.918733420182996], [-87.62808224092109, 41.9187333549191], [-87.62807809996816, 41.91872601502889], [-87.62807225869267, 41.918715658945715], [-87.62802783686655, 41.91867157207658], [-87.62802776344849, 41.91867149917809], [-87.62802774382013, 41.91867147984795], [-87.6280273996194, 41.91867113882193], [-87.62801148526407, 41.91865534465051], [-87.62797899508939, 41.91862309938658], [-87.627972156961, 41.918615549730376], [-87.62792748245943, 41.91856622693558], [-87.62789328717503, 41.91852847339218], [-87.62785658490091, 41.91849612976762], [-87.62778757522754, 41.91843531606759], [-87.62776818555089, 41.918421350389266], [-87.6277236454591, 41.91838927030375], [-87.62767693897666, 41.918355629967664], [-87.62763608122054, 41.918323160295415], [-87.62761993452507, 41.91831032867827], [-87.62760975758722, 41.91830311879625], [-87.62757257644753, 41.9182767784216], [-87.62749436353909, 41.9182189705307], [-87.62747885901666, 41.918194515835104], [-87.62743506278261, 41.91812543955206], [-87.62740574102438, 41.91806886574176], [-87.62738691668686, 41.918041527847805], [-87.62737351910071, 41.91802207070101], [-87.62736599673372, 41.91801480823795], [-87.62736090329743, 41.918009890555176], [-87.62735447735135, 41.91800282637938], [-87.62711257580253, 41.91814176025722], [-87.62683165681149, 41.91830087991724], [-87.6268315758418, 41.918300925522026], [-87.62680008231493, 41.91825144601309], [-87.62680013445768, 41.91825141559861], [-87.6269748953851, 41.91814889961562], [-87.62698211840944, 41.918144754715684], [-87.62709229659045, 41.918081529595824], [-87.62724364162072, 41.917994680574125], [-87.62759290043124, 41.91779273947292], [-87.62785578721667, 41.917643065551935], [-87.62789132249051, 41.917672701968065], [-87.62790373027174, 41.91766494041583], [-87.62790852622776, 41.91766194053007], [-87.62791503763049, 41.91765440839276], [-87.62791503912428, 41.91765440620655], [-87.62791757373209, 41.917631041803475], [-87.62791377221265, 41.917617510549796], [-87.62790894677133, 41.917600334986226], [-87.62789977835682, 41.91758603119147], [-87.62788987523273, 41.91757058101004], [-87.62787003960918, 41.91754668592195], [-87.62785651453957, 41.91753039268698], [-87.62774497308199, 41.91741620617056], [-87.62769224069012, 41.9173468917498], [-87.62765513640916, 41.917301148826255], [-87.62761546316233, 41.91725223835873], [-87.62758233028545, 41.91721471352738], [-87.6275337224358, 41.917175618270285], [-87.62748702192262, 41.91713805721342], [-87.62735384788999, 41.91705655826432], [-87.62721645416198, 41.91694794825556], [-87.62713581004914, 41.91688084967746], [-87.6271238224357, 41.916870868747445], [-87.62708483995992, 41.91683841205276], [-87.62706752338559, 41.91682199331772], [-87.62700557059394, 41.916763253815226], [-87.62696706443835, 41.91672363181888], [-87.62693498249689, 41.91669061955601], [-87.62690049753911, 41.91663333272342], [-87.62689605095115, 41.916625945353836], [-87.62689198653219, 41.916620818558464], [-87.6268455722764, 41.9165622708883], [-87.62677145595462, 41.91650978405263], [-87.62674388815137, 41.9164774520896], [-87.626725694721, 41.916454673103274], [-87.62670522607081, 41.91643500852945], [-87.62633867737, 41.916674949312714], [-87.62625356681664, 41.916730661826804], [-87.62618411897445, 41.91677604295565], [-87.62613435237415, 41.9168085634276], [-87.62609276803927, 41.91683573638413], [-87.62609272732597, 41.9168357633012], [-87.62606822758859, 41.91681508586517], [-87.62604372860484, 41.9167944081541], [-87.6260437611779, 41.91679438640093], [-87.62649167316557, 41.91649922595787], [-87.62681257608611, 41.91628594416195], [-87.6268125240637, 41.91628589719003], [-87.62678850880438, 41.916264464382756], [-87.62677808495327, 41.916255161257], [-87.6267608611629, 41.91624121092749], [-87.62672506365286, 41.916212217161046], [-87.6266584761257, 41.916155871273055], [-87.6266323844804, 41.91613379256102], [-87.62654963936896, 41.91603748262039], [-87.62651028926551, 41.91599576060466], [-87.6265001765611, 41.915985038134174], [-87.62641939726011, 41.9159004026097], [-87.62641156891354, 41.91588920352727], [-87.6264025780551, 41.9158763414213], [-87.62628807822392, 41.9157577175968], [-87.62625767875235, 41.915735057664456], [-87.62620666874813, 41.91569703595508], [-87.62618322027514, 41.91568277552585], [-87.62617060972923, 41.91567510651065], [-87.62615364731272, 41.91566652732563], [-87.62612968874818, 41.91565441000294], [-87.62608613193521, 41.91563281881883], [-87.62604791243415, 41.91562028899781], [-87.62603523032202, 41.915616808038926], [-87.62601743536386, 41.915611924019615], [-87.62599528203272, 41.915606586147824], [-87.62597921632452, 41.91560271524079], [-87.62595212214416, 41.91559473963437], [-87.62592113357356, 41.9155856173662], [-87.62587100567232, 41.91556346448849], [-87.62584219941165, 41.9155509953401], [-87.625836597078, 41.915548570326], [-87.62583381345065, 41.91554715032621], [-87.62580017063642, 41.91552998728], [-87.62578678270911, 41.91551899319349], [-87.6257706417546, 41.91550573873624], [-87.62574900313636, 41.91548431020112], [-87.62573062745956, 41.91546611278846], [-87.62571855954414, 41.91545153765531], [-87.62570900643864, 41.915440000509264], [-87.62570575523654, 41.91543607406751], [-87.62569467324909, 41.91542258266525], [-87.6256770058183, 41.91540107348595], [-87.62564443048059, 41.915366514463464], [-87.62561406909848, 41.91534160817116], [-87.62560812936057, 41.91533673568645], [-87.6255930659737, 41.91532538849653], [-87.62556232669523, 41.915302232872754], [-87.6255493812155, 41.91529336716298], [-87.62550846884974, 41.915265347519046], [-87.62547879152181, 41.9152444459402], [-87.62546947742926, 41.91523788498033], [-87.62545662553143, 41.91522883185746], [-87.62545130901502, 41.91522451808916], [-87.6253782456331, 41.91515668700875], [-87.62523735771931, 41.915025889046994], [-87.62509279079478, 41.91489884537108], [-87.62501037594, 41.91482953925516], [-87.62494204936935, 41.914778650877906], [-87.62486714595615, 41.914724539676264], [-87.62482453636707, 41.91469702687612], [-87.6247994907744, 41.914683690991524], [-87.6247863675013, 41.91467670334418], [-87.62473489358898, 41.91465015090078], [-87.62472606965474, 41.91464552758456], [-87.62467977177721, 41.91462127022201], [-87.62467065757987, 41.91461651585706], [-87.62466774688355, 41.9146149973502], [-87.62465368874689, 41.91460766335945], [-87.62463006959501, 41.91459534803779], [-87.62461171623092, 41.914585778978186], [-87.62458569064563, 41.91457013733647], [-87.62454671342564, 41.91454671160132], [-87.62450606512999, 41.914518085656326], [-87.624445074741, 41.91447166157064], [-87.6244111046409, 41.9144441185287], [-87.62439664361882, 41.91443239400103], [-87.62433923150913, 41.91438481165935], [-87.62427175326691, 41.91433700220132], [-87.62420818340821, 41.914299065320215], [-87.62420725924184, 41.91429851406061], [-87.62420715193699, 41.914298449731874], [-87.62419134665895, 41.91428894820692], [-87.62419134446898, 41.914289112846966], [-87.62412754910396, 41.91424055766514], [-87.62410193429996, 41.914224605334134], [-87.62407610020873, 41.914208516626964], [-87.62405573102224, 41.91419583459967], [-87.62402450458721, 41.91417639260689], [-87.62390863885375, 41.914119074396304], [-87.62388462940123, 41.91410719695768], [-87.62377648566283, 41.91406218203915], [-87.62365014927542, 41.914004540906554], [-87.62358873424796, 41.91397605027807], [-87.6235359964429, 41.913951585249144], [-87.62343751195674, 41.91390042749316], [-87.62335015201865, 41.91384991554879], [-87.62334217269579, 41.91384571309857], [-87.62332494838547, 41.913836642304844], [-87.62328206635188, 41.913814066578745], [-87.62327376127845, 41.91380968702775], [-87.62326942811461, 41.91380740228248], [-87.62321513984264, 41.91378511795966], [-87.62319408543286, 41.91377647543367], [-87.62309650443096, 41.91373997659334], [-87.62302232500379, 41.91371687869595], [-87.62300110317067, 41.91371054985404], [-87.62293220520162, 41.91369000322163], [-87.62290691605075, 41.91368117500383], [-87.62290563516399, 41.913680755719376], [-87.62263087022491, 41.91361319452145], [-87.62255701408506, 41.913598504988265], [-87.6224272282229, 41.91357269147367], [-87.62230978302847, 41.913561645720925], [-87.62210098094893, 41.91354589050874], [-87.62193978147866, 41.913537784647716], [-87.62193442257988, 41.91353758596998], [-87.62193177618053, 41.91353748807071], [-87.62190224558421, 41.91353574035179], [-87.6218887818631, 41.91353494370843], [-87.62184482584304, 41.913532915323], [-87.62183135849331, 41.91353237935194], [-87.62173208452677, 41.91352842938521], [-87.62162372904723, 41.913532559950355], [-87.62160480801028, 41.91353410732043], [-87.62155260921308, 41.913538376225], [-87.62150831292648, 41.91354389222464], [-87.62149766657325, 41.91354546370528], [-87.62146496132748, 41.91355029111865], [-87.62142011316686, 41.913555941423006], [-87.62138273412364, 41.91356051206461], [-87.62135222243776, 41.91356485908573], [-87.62132440953606, 41.913568821627436], [-87.62128962402215, 41.91357384931786], [-87.62125905310909, 41.91357826812007], [-87.62122744771214, 41.913581552347075], [-87.6211636027761, 41.91358818681969], [-87.62112404827809, 41.91359758579769], [-87.62109438534527, 41.91360463421721], [-87.6210534046063, 41.91362272105239], [-87.62101197709559, 41.913641005155434], [-87.62098764993499, 41.913654988377395], [-87.62094778600012, 41.913677901788006], [-87.62092984314722, 41.913688679832774], [-87.62089556008151, 41.91370927302921], [-87.62084308042803, 41.91373699339968], [-87.62077322783654, 41.91377091820732], [-87.62074473608355, 41.913779847287365], [-87.62072102213678, 41.91378727912418], [-87.6207020352384, 41.91378948702064], [-87.6206661344305, 41.913793661554934], [-87.62061724176505, 41.9137928638551], [-87.62061602527595, 41.913792601640196], [-87.62059011984239, 41.91378701523283], [-87.62055810246554, 41.91376341949002], [-87.62055323135046, 41.91375982971647], [-87.62055320474879, 41.91375981006731], [-87.62052019773306, 41.91371487400544], [-87.62051533780021, 41.913699284620655], [-87.62051093238826, 41.91368487999558], [-87.62050565951151, 41.91366763876672], [-87.6204950431143, 41.91364109052598], [-87.6204903341376, 41.91362411953581], [-87.62048642418458, 41.91361002780863], [-87.62048589670293, 41.913584859153666], [-87.62049365099475, 41.91356155447406], [-87.62051894406164, 41.91350729375379], [-87.62052717127202, 41.913494249377386], [-87.62054766599543, 41.913461753236156], [-87.62054796576112, 41.91346126086175], [-87.62056467978786, 41.91343178157692], [-87.62056671759672, 41.913423738549284], [-87.62057501711786, 41.91339098448495], [-87.62057238087755, 41.913370359527924], [-87.6205723181777, 41.91337041429768], [-87.62055964344363, 41.913381427510046], [-87.62051929238599, 41.913416489184534], [-87.62048964387057, 41.91344439832474], [-87.6204693915439, 41.91346346242269], [-87.62044507058394, 41.913486359365216], [-87.62044228702521, 41.913488979834135], [-87.62042359655119, 41.9135111746294], [-87.62037442398716, 41.91357519399353], [-87.62037439110539, 41.91357524345987], [-87.62037438736445, 41.913575249473936], [-87.62033040872103, 41.913641275813056], [-87.62032256531414, 41.913655052796855], [-87.6202917368866, 41.913709202534896], [-87.62027511106469, 41.91374404152579], [-87.6202585585764, 41.91377872701837], [-87.62024840592375, 41.91380479065087], [-87.62023094891275, 41.913849604126526], [-87.62022098208938, 41.91388016120885], [-87.62022079264774, 41.913880742906], [-87.62021227297208, 41.91390681502974], [-87.62021041495427, 41.913915071844464], [-87.6201989758815, 41.91396589741815], [-87.6201944988864, 41.91400169054796], [-87.62019151572697, 41.91402553828216], [-87.62018989258759, 41.91408543493518], [-87.6201945989567, 41.91429144825362], [-87.62019463570063, 41.914293065105454], [-87.62019732981537, 41.91441158602894], [-87.62019937126621, 41.91450140817123], [-87.62020049365856, 41.91451520652444], [-87.62020082561352, 41.91451928211522], [-87.62020817014736, 41.91455590826212], [-87.62021231427914, 41.91456721441489], [-87.62022125578535, 41.91459160985856], [-87.62022786564155, 41.91460376913607], [-87.62023990551754, 41.91462591846159], [-87.62026386767067, 41.914658339642656], [-87.62027444029219, 41.91467113493988], [-87.6202752867835, 41.914672159402095], [-87.62030511434706, 41.914702393900704], [-87.62030558608403, 41.91470289024189], [-87.62033189192071, 41.91472399532743], [-87.62034043645774, 41.91473085077146], [-87.62035743102057, 41.914741665089146], [-87.62037932663021, 41.91475559791275], [-87.62042178247782, 41.914776882560936], [-87.62046718244852, 41.91479439816518], [-87.62049934262353, 41.91480345426088], [-87.62051501598694, 41.9148078674044], [-87.62056458627755, 41.91481717645551], [-87.62061526992996, 41.914822183412326], [-87.62063884060164, 41.914823702374996], [-87.62065956905123, 41.91482373141507], [-87.62069049657366, 41.914823775178064], [-87.62074187158537, 41.91481951170939], [-87.6207922650498, 41.91481090570094], [-87.62082604391392, 41.914802006949095], [-87.62084101554747, 41.91479806309326], [-87.62088749643382, 41.9147812006361], [-87.62092106737295, 41.914765425182374], [-87.6209550486296, 41.914749456875484], [-87.62098925834341, 41.914785398931265], [-87.62098914297871, 41.91478546490024], [-87.62098412392933, 41.91478833001932], [-87.62097579890518, 41.914793082139866], [-87.62092910284404, 41.91481614552286], [-87.6209024498084, 41.91482650234264], [-87.62087947129022, 41.914835431357744], [-87.62084252877564, 41.914846269323206], [-87.6208273504927, 41.91485072259736], [-87.62081600571288, 41.91485306437523], [-87.62077340100477, 41.914861858958346], [-87.62074585700176, 41.914865276102574], [-87.6207182140235, 41.91486870579823], [-87.62068334008013, 41.914870253624244], [-87.62066234006146, 41.9148711858518], [-87.62062599151764, 41.914869943784026], [-87.62060640510006, 41.91486927446367], [-87.62057281310153, 41.914865467446994], [-87.62055106976352, 41.91486300345132], [-87.62051383634692, 41.91485573365137], [-87.62049692163151, 41.91485243134785], [-87.6204946127744, 41.91485180999158], [-87.62047666425518, 41.91484698178926], [-87.62044409945618, 41.91483615095406], [-87.62042596556718, 41.914830119621975], [-87.62038986390604, 41.91481452122229], [-87.62037795653346, 41.914809376782934], [-87.62033311107507, 41.9147849219695], [-87.62029201372746, 41.91475708647581], [-87.62026368466815, 41.914733365918615], [-87.62025506663217, 41.91472614969556], [-87.62024617191734, 41.914716889226234], [-87.62023374655496, 41.91470395344179], [-87.62022339095607, 41.914693181983225], [-87.62022270596172, 41.914692469169985], [-87.620216603361, 41.914684446670215], [-87.62019529370927, 41.91465643189158], [-87.62017315843983, 41.91461842409613], [-87.62016171872688, 41.91459130979562], [-87.62015647674104, 41.914578886234054], [-87.62015075407417, 41.91455762876736], [-87.62014553983086, 41.91453825864375], [-87.62014476624705, 41.91453207192095], [-87.62014037771506, 41.91449698031496], [-87.62013892405416, 41.91442103114122], [-87.62013649865295, 41.91429432311492], [-87.62013506467449, 41.914220203636326], [-87.62013363057517, 41.91414606220222], [-87.62013305527803, 41.91413655290374], [-87.62013242014227, 41.91412604927482], [-87.62013214545861, 41.914058320064946], [-87.62013465197117, 41.91402808355739], [-87.62013774795948, 41.913990737127534], [-87.62014834391242, 41.91392852464491], [-87.62014918081458, 41.9139236110917], [-87.62014918710503, 41.9139235740837], [-87.62014931648936, 41.91392307379158], [-87.62015993610524, 41.913882066091126], [-87.62016642307857, 41.91385710565586], [-87.62018941715414, 41.91379160767007], [-87.62019115562053, 41.91378696124053], [-87.62019278730659, 41.91378259982174], [-87.62020587989159, 41.913751918631036], [-87.6202210046769, 41.913716474282225], [-87.62025471746361, 41.91365181068328], [-87.62029388440645, 41.91358888181443], [-87.62033828378868, 41.91352793327378], [-87.6203877276202, 41.91346918452387], [-87.62038861630407, 41.91346826523732], [-87.6203916306134, 41.913465147576424], [-87.62040983914946, 41.91344627881523], [-87.62044206877222, 41.91341288107636], [-87.62048246045937, 41.91337618576877], [-87.62050108186469, 41.913359268231204], [-87.6205269414199, 41.913338583892525], [-87.62056447164213, 41.91330856478428], [-87.62063205075997, 41.913260933121514], [-87.6207035261847, 41.913216590955095], [-87.62074688883874, 41.913193000110695], [-87.62077863531562, 41.913175728744136], [-87.62082547005768, 41.91315347143077], [-87.62085701182207, 41.91313848224316], [-87.62095206438777, 41.913098265339876], [-87.62103416997867, 41.91306760988487], [-87.62105256035464, 41.913060743749455], [-87.62112402030152, 41.91303747661048], [-87.6211426372616, 41.9130314109848], [-87.62114852186896, 41.91302949386809], [-87.62115551083066, 41.91302721697189], [-87.62126065733851, 41.91299773718462], [-87.62132112488925, 41.91298343712124], [-87.62136774077437, 41.91297241309308], [-87.62147646738455, 41.91295129775535], [-87.62158650666741, 41.91293444510046], [-87.62169759948873, 41.91292193392454], [-87.6218093778209, 41.91291378993522], [-87.62192313694139, 41.91290933509879], [-87.62197468025316, 41.912906279577165], [-87.62199963928605, 41.912904134262114], [-87.62209173393435, 41.912896219593016], [-87.62220791831503, 41.91288179105934], [-87.62223643869349, 41.912877146352734], [-87.62226644713968, 41.912872259482825], [-87.62232301123493, 41.912863047762116], [-87.6223726947503, 41.9128530714054], [-87.62242257635593, 41.91284305481575], [-87.62252937146921, 41.91281726133536], [-87.62263422761987, 41.91278733968831], [-87.62273681391837, 41.912753342442244], [-87.62281946031212, 41.91272200738745], [-87.62283687313408, 41.9127154054973], [-87.62286494300986, 41.91270333608457], [-87.62293414528399, 41.912673581861654], [-87.62296960530198, 41.91265644098368], [-87.62302837247644, 41.912628034326154], [-87.62311268086263, 41.91258239764669], [-87.62311926062769, 41.91257884340612], [-87.62320658600757, 41.912526172928175], [-87.62329009103658, 41.91247015824451], [-87.62334053024466, 41.9124307062795], [-87.62368919599464, 41.91215799981629], [-87.62375790509616, 41.91210425365516], [-87.62424497662829, 41.91173404757029], [-87.62442575980849, 41.91159664591183], [-87.62446476694345, 41.91156699879239], [-87.62470625198789, 41.91156481754631], [-87.62563247930449, 41.911459757160046], [-87.62573370171182, 41.91144835494272], [-87.62600255359153, 41.91141810424935], [-87.62617635054958, 41.911398238719066], [-87.62632294794984, 41.91138165851714], [-87.62640461918176, 41.91137318773006], [-87.62645810268478, 41.91147052544589], [-87.62652436009067, 41.91159217329734], [-87.62656614223737, 41.9116734579212], [-87.62673798064174, 41.91147063032226], [-87.62675883993494, 41.91144194181719], [-87.62678948754912, 41.91140768841913], [-87.62682719452444, 41.911367435109035], [-87.62686468723902, 41.91133811210016], [-87.62690299388167, 41.91131360224816], [-87.62694076663102, 41.91130039257396], [-87.62698508992784, 41.911286612317646], [-87.62700724838425, 41.91128002773321], [-87.62707566626666, 41.91126015911857], [-87.6271034930211, 41.9112551834683], [-87.62712453545166, 41.91125142102183], [-87.62717118434072, 41.911249263904274], [-87.62766307941025, 41.911242296458724], [-87.62783171790491, 41.9112395882102], [-87.62794388561724, 41.911237786111485], [-87.62850626958715, 41.91122891820175], [-87.62888562430254, 41.91122300685781], [-87.62913677712544, 41.91121909295045], [-87.62997199983243, 41.91120522175209], [-87.63020702112262, 41.911201558225294], [-87.63058244459404, 41.91119570474265], [-87.63083069387942, 41.911191880226326], [-87.63093872278026, 41.9111902156318], [-87.63100570872756, 41.91118918354832], [-87.63126761508869, 41.91119515920584], [-87.63138196618307, 41.911197768016464], [-87.63168235201155, 41.91118052852089], [-87.63197397810254, 41.91116379016686], [-87.63237604226127, 41.91116075681045], [-87.63247459924456, 41.911161061208276], [-87.63253926704655, 41.91116126105827], [-87.63291310719471, 41.911162414966824], [-87.63315087951435, 41.91116228303934], [-87.63471084637904, 41.91116140604338], [-87.63505140501742, 41.911161211639985], [-87.63570119384946, 41.91115356033721], [-87.63666242055488, 41.91114223523955], [-87.63684688406303, 41.91114006091139], [-87.63762380322525, 41.91112869777659], [-87.63859245748951, 41.91111452309947], [-87.63942930569783, 41.91110227047938], [-87.63980635960266, 41.91109680447882], [-87.64043198568643, 41.91108773238472], [-87.64101649429568, 41.91107925310668], [-87.64149114698402, 41.911072365317665], [-87.64222471044191, 41.911061716674], [-87.64306359824671, 41.91104328465279], [-87.64343057888489, 41.91101775914969], [-87.64362431839255, 41.91100428309898], [-87.64399618690442, 41.910997377848155], [-87.64435615670395, 41.910986758956014], [-87.64498484261352, 41.91096821007443], [-87.64540637093756, 41.91096203317369], [-87.64584458738625, 41.9109556096916], [-87.64657447667744, 41.91094490741349], [-87.64690187281313, 41.91093989552502], [-87.64732442268118, 41.91093342570251], [-87.64749414332782, 41.91093082675923], [-87.6475890012988, 41.910929373810305], [-87.64776691192985, 41.91092664884096], [-87.64827157387047, 41.91091961909868], [-87.64878887346646, 41.910912411107105], [-87.64950135346433, 41.91090048544853], [-87.6500366638285, 41.91089152262178], [-87.65054811404187, 41.91088336849492], [-87.65091163709056, 41.91087691344626], [-87.65110572330991, 41.9108737849237], [-87.65165036522743, 41.91086409422048], [-87.65201384517087, 41.91085818344847], [-87.65271559885018, 41.910846785337476], [-87.65310748102343, 41.910839882756], [-87.65336756151086, 41.910835300780384], [-87.65353281612022, 41.91083238929618], [-87.65372833542033, 41.91082921076268], [-87.6540796313731, 41.91082409976644], [-87.6545744801052, 41.91081689947098], [-87.6549772490073, 41.91080951012989], [-87.65553818124957, 41.91079935907493], [-87.65577598626763, 41.910794868748894], [-87.655972330092, 41.91079360508501], [-87.65621492353478, 41.91079294038529], [-87.65629716917124, 41.91079152194835], [-87.65668210173355, 41.91078488204974], [-87.65686079759237, 41.91078450957379], [-87.65693010338987, 41.911075585052906], [-87.65701224668909, 41.911274366957116], [-87.65705738512676, 41.91143574654681], [-87.65711744557086, 41.911572214058076], [-87.6572901023313, 41.91202984308417], [-87.65741201035196, 41.91235643800974], [-87.65746243579561, 41.912480840405806], [-87.6575305693822, 41.91264892975118], [-87.65759512579099, 41.9128145292919], [-87.65771538145599, 41.91342524172496], [-87.65786196921181, 41.91380863948129], [-87.65807722707174, 41.914108058041975], [-87.65830802492621, 41.91436256329235], [-87.65865084324643, 41.91470773454828], [-87.65914900667575, 41.91508093377952], [-87.65923478593983, 41.9151473589676], [-87.65937015570343, 41.915208663828054], [-87.65954698200194, 41.9153072863229], [-87.65986984530609, 41.91545130398461], [-87.65990588074851, 41.915473908232656], [-87.65993751097481, 41.91549525173226], [-87.66004171464901, 41.91556109309276], [-87.66004700725225, 41.9155644460146], [-87.66008389800294, 41.915588672944125], [-87.66020818752745, 41.91566967028944], [-87.66026814793703, 41.915711761480864], [-87.66047768507075, 41.91582355447125], [-87.66059985007573, 41.9159039900957], [-87.66065153183139, 41.91592975931115], [-87.66073539840212, 41.91596963026897], [-87.66086959244164, 41.91607326990701], [-87.66092978289922, 41.916118023999445], [-87.66101531226042, 41.91615000111299], [-87.66105709974092, 41.91615932917198], [-87.66113153903054, 41.91617675174516], [-87.66117222592322, 41.9161824234962], [-87.6612596300376, 41.916179312727785], [-87.6613289267295, 41.91617911484695], [-87.66143738668718, 41.91614412919747], [-87.66151276162473, 41.916121463554546], [-87.66162234099582, 41.916081353121825], [-87.66173397730856, 41.91603431144375], [-87.6617810412283, 41.916013538477614], [-87.66186408551759, 41.91598811861884], [-87.66197621312776, 41.915946787571265], [-87.66206618406179, 41.915919514546836], [-87.66215115800729, 41.91586784349788], [-87.66221580778316, 41.91583070777658], [-87.66227636053182, 41.915809382271085], [-87.66235807624383, 41.91575999717747], [-87.66238185081369, 41.915735163624575], [-87.66244891656957, 41.915691840206705], [-87.66251544501935, 41.915664731449986], [-87.66256082117577, 41.91564010638256], [-87.66261038808827, 41.91561171874148], [-87.66264862736936, 41.91559149760022], [-87.66269079981491, 41.91558159027399], [-87.66273297508894, 41.915574921138045], [-87.66278863988045, 41.915567727031934], [-87.66287399044708, 41.91554308829119], [-87.66298260797733, 41.91550346462411], [-87.66302887730355, 41.915488257288004], [-87.66362045479345, 41.915614983464415], [-87.66362056000779, 41.91561500575748], [-87.66370630066015, 41.91563337292563], [-87.66375105122948, 41.9156650004184], [-87.66377108193629, 41.9156784541715], [-87.66379528398228, 41.91571457212701], [-87.66389591224574, 41.915890141258544], [-87.66389591368376, 41.91589014428556], [-87.66393945486654, 41.91601973771366], [-87.66403936457195, 41.916278999830254], [-87.6642159904017, 41.916796192134505], [-87.66425682804874, 41.916958376582876], [-87.66429737805178, 41.91711941499358], [-87.66444513191655, 41.917554385150765], [-87.66447248235369, 41.91760229402928], [-87.66453455731158, 41.917702710133966], [-87.66460194311686, 41.91780123617482], [-87.66467449446479, 41.91789767920047], [-87.66475210368503, 41.91799190136303], [-87.6649578475628, 41.91815177037032], [-87.6650156987603, 41.918204399994586], [-87.66520700540448, 41.918378439133654], [-87.66523896856164, 41.918407517433394], [-87.66542629353519, 41.91858824568923], [-87.66572184695931, 41.918930004658066], [-87.66576994958437, 41.91899998768889], [-87.6660643552944, 41.91942842618553], [-87.66607058073095, 41.919437490868546], [-87.66631392521744, 41.91980379081687], [-87.66635159841145, 41.919860499559064], [-87.66646258904606, 41.92002755411258], [-87.66673389659682, 41.920289556568996], [-87.66682758979142, 41.920380034243365], [-87.66692390177286, 41.92047304075034], [-87.66717680925272, 41.92072050072449], [-87.66733892890241, 41.920879096948724], [-87.66753515742361, 41.92114636997624], [-87.66755631165216, 41.92117552215588], [-87.66755640873784, 41.92117565581377], [-87.66767813936717, 41.92134341138866], [-87.66782015990498, 41.92157750424611], [-87.66809607153468, 41.922029749129436], [-87.6681427024484, 41.92205436056174], [-87.6682648435452, 41.92212150578472], [-87.66836608142725, 41.92217052770424], [-87.66850256049642, 41.92219817437194], [-87.66892530415248, 41.92228380839007], [-87.66916196319715, 41.92234916849559], [-87.66921444756791, 41.92236629856344], [-87.66928497830638, 41.92238887982443], [-87.66950967343399, 41.922413834299185], [-87.66975772523595, 41.92240813310905], [-87.67015119925718, 41.922372341227806], [-87.67043248844035, 41.92237890815528], [-87.67062687554099, 41.92238397122219], [-87.67088909415453, 41.92237603871342], [-87.67111167940439, 41.92241117487444], [-87.67165006085985, 41.922550748984115], [-87.67188712628861, 41.92265892012433], [-87.67216130360721, 41.9228064096906], [-87.67249347893598, 41.92304830967065], [-87.6728669231058, 41.923320259334986], [-87.67297374321247, 41.92339804737316], [-87.67334528404253, 41.923693486342195], [-87.67345951039368, 41.923784290368026], [-87.67376691633756, 41.9239958254301], [-87.67411970929905, 41.92428198846736], [-87.67425507052673, 41.92439025680803], [-87.67442009749806, 41.924629594749035], [-87.67446482019062, 41.924836518941625], [-87.67447621178488, 41.92506833077586], [-87.67450903058784, 41.92573616471389], [-87.67451286991898, 41.92595232183333], [-87.6745545690765, 41.92614246138857], [-87.67466641421792, 41.9263153030909], [-87.67474610136948, 41.92643134689573], [-87.6749382758584, 41.926657941875256], [-87.67583066903835, 41.92722559389943], [-87.67585841689512, 41.92724024476013], [-87.67652350995621, 41.92759141256892], [-87.67720225967395, 41.927844935232876], [-87.67778988373014, 41.92802254983966], [-87.67809995768812, 41.928085440440626], [-87.6782891766457, 41.92812381819311], [-87.67949568037056, 41.92841383288556], [-87.6797051841391, 41.92846420218381], [-87.67983989777332, 41.92860533599378], [-87.67985109325338, 41.92863104639777], [-87.67995081490311, 41.92886005483366], [-87.68001238771183, 41.92898631618448], [-87.68016031158915, 41.929289647421705], [-87.68027842387168, 41.92954896225888], [-87.68032153847588, 41.929638284939976], [-87.6803997794463, 41.92980028227769], [-87.68047476885532, 41.92992804061517], [-87.68054085889783, 41.93007075920216], [-87.68070270441675, 41.93042038758096], [-87.68074218774, 41.93050557311871], [-87.68080468425839, 41.930640450083565], [-87.68129420645683, 41.93093496930207], [-87.68131335618094, 41.93094550609269], [-87.6820883488818, 41.93137114249205], [-87.68214868661674, 41.93140427815998], [-87.68252724846504, 41.93181309075095], [-87.68284169129204, 41.93215263142592], [-87.68284015972066, 41.93222871205545], [-87.68271179126228, 41.93223081923096], [-87.68252219884164, 41.932233943403716], [-87.6823348179363, 41.93223639374685], [-87.68207624716732, 41.93223926327963], [-87.68157916963187, 41.9322451144908], [-87.68128464640262, 41.93224890328569], [-87.68098774500459, 41.9322517173358], [-87.68069231029635, 41.93225478483715], [-87.68041892876619, 41.93225762243216], [-87.68003513157771, 41.932262080346035], [-87.67953804986465, 41.93226830716091], [-87.67921695333717, 41.93227235069394], [-87.67886000200524, 41.93227498452072], [-87.67875110145114, 41.93227578797884], [-87.67856426269636, 41.932279140576945], [-87.67824661366681, 41.93228382948239], [-87.67813528631716, 41.93228468025542], [-87.67746364425548, 41.93229393475433], [-87.67717157640786, 41.93229710106574], [-87.67689504558533, 41.93230009805533], [-87.67637428575074, 41.93230730037822], [-87.67593703856865, 41.93231305811767], [-87.6756648290173, 41.93231606892713], [-87.67540412744798, 41.9323189518413], [-87.67515834412781, 41.932321906508264], [-87.67478364145784, 41.93232638802079], [-87.67478333234493, 41.93232639173629], [-87.67449663568546, 41.93232970608782], [-87.67412305845527, 41.93233402395573], [-87.67380806556244, 41.93233764421112], [-87.67356046002239, 41.93234048949114], [-87.6735400825634, 41.93234072365599], [-87.67341879145827, 41.93234211687639], [-87.67336415409336, 41.9323427446535], [-87.67327379286414, 41.93234378257205], [-87.6730801656409, 41.932346006544996], [-87.67299118192108, 41.93234707082302], [-87.67238449613542, 41.932354325324454], [-87.6720647491251, 41.93235846364562], [-87.67131468220016, 41.93236816762466], [-87.67082610107765, 41.9323733788416], [-87.67035280555389, 41.93237842432247], [-87.66996790149182, 41.93238359794669], [-87.66961257678268, 41.93238837266871], [-87.66924751573441, 41.932393277134146], [-87.66905774722035, 41.932395558627164], [-87.66899915530539, 41.932396264081696], [-87.66839400829271, 41.93240354015152], [-87.66779016085962, 41.932410797238504], [-87.66719114255739, 41.93241941340662], [-87.66706947811781, 41.932421163831684], [-87.66607575807211, 41.932439981414134], [-87.66598487006638, 41.9324414323207], [-87.66477158154281, 41.93246079755771], [-87.66426867158097, 41.93246881755651], [-87.66356800062388, 41.932480461811366], [-87.66335918519624, 41.93248393122105], [-87.66235043497078, 41.932498961750326], [-87.66196985588196, 41.932504630261846], [-87.66112899706482, 41.93251807922968], [-87.66053576712409, 41.93252756392628], [-87.6604272328632, 41.93252929863001], [-87.6599173482532, 41.932536491406104], [-87.65986853573087, 41.93253717985369], [-87.65980571092493, 41.932538065995125], [-87.65950924172722, 41.93254224661649], [-87.65932424080272, 41.9325454801682], [-87.65871047885629, 41.932556205366105], [-87.65810818369945, 41.93256672660701], [-87.65745661401795, 41.93257826528296], [-87.6571683221299, 41.93258336916322], [-87.65647765276816, 41.932594557583265], [-87.6562843096585, 41.93259766653167], [-87.65584682486987, 41.93260470034734], [-87.65548866217325, 41.93261045741018], [-87.65518479461971, 41.93261489575239], [-87.65471934460061, 41.93262169231468], [-87.65416951310779, 41.932632052630716], [-87.65385860754009, 41.93263808467939], [-87.6534053755905, 41.932646876855586], [-87.65323720260072, 41.93264957017509], [-87.65311111043843, 41.932651589127964], [-87.65300827643529, 41.93265323587923], [-87.65263979497512, 41.93265913503995], [-87.65211931178858, 41.932667464147066], [-87.65205755930394, 41.932668508830716], [-87.65143845823232, 41.93267897768427], [-87.65093975820844, 41.93268740830725], [-87.65067915967013, 41.93269056334412], [-87.65021864672447, 41.93269613721027], [-87.64986950305887, 41.93270036152989], [-87.64901192378262, 41.93271997315727], [-87.64864612894971, 41.93272833625249], [-87.64836209293298, 41.93273396013218], [-87.6480741615385, 41.93273966049905], [-87.64766681052855, 41.93274675763678], [-87.64713918673297, 41.93275594796978], [-87.64666885135443, 41.93276576719579], [-87.6465811803876, 41.93276759711382], [-87.64604375872985, 41.93277881407979], [-87.64538762795087, 41.932790334611205], [-87.64488647206353, 41.93280061334251], [-87.64488630958985, 41.932800616484634], [-87.64427356690153, 41.93281318195357], [-87.64412458304948, 41.93281611758606], [-87.64361146573984, 41.93282622701886], [-87.64361139148667, 41.93282622849379], [-87.64346272113791, 41.93282915719226], [-87.6430726163154, 41.93283684082133], [-87.64273777733253, 41.932843540791204], [-87.64249406511424, 41.93284841711073], [-87.64228067872764, 41.93285268647604], [-87.64171126110855, 41.932862484770205], [-87.64148949098482, 41.93286719365325], [-87.64143917117553, 41.932868261721715], [-87.64134293056846, 41.93287030465684], [-87.64134291660098, 41.93287030484709], [-87.64103668651931, 41.9328768056459], [-87.64031925475307, 41.93289155845043], [-87.64005646226339, 41.93289696124106], [-87.63970512101979, 41.93290373054717], [-87.63932436891876, 41.93291096837038], [-87.6393243038556, 41.93291096962365], [-87.6387433657621, 41.932922010938846], [-87.63808930351176, 41.932932321979735], [-87.63795470676145, 41.93293211802672], [-87.6379545027969, 41.9329321176147], [-87.63734572931537, 41.93293119246266], [-87.63702673703484, 41.93291141026594], [-87.63675079817905, 41.93289429726556], [-87.6362395165631, 41.932854065248385], [-87.63472384397673, 41.93280337397503], [-87.63457831126175, 41.932878983746], [-87.63446987144161, 41.932923260052746], [-87.63436062135725, 41.932957583807145], [-87.63423994335174, 41.93298669274136], [-87.6341147727965, 41.93300651217876], [-87.63401158403292, 41.933013795585744], [-87.63399845703383, 41.933014722211226], [-87.6339300278013, 41.933012933564356], [-87.6339261399164, 41.93290622812362], [-87.63282239266788, 41.93293311604525], [-87.63256157290797, 41.932628974406185], [-87.63250583516944, 41.9326008489954], [-87.63244210853674, 41.93258914010027], [-87.63224597498258, 41.93258691330049], [-87.63199679714651, 41.932604258300444], [-87.63181810269614, 41.932581802633756]]]]}, "properties": {"community": "LINCOLN PARK", "shape_area": "88316400.4728", "area_num_1": "7", "area_numbe": "7", "shape_len": "49478.4277714"}}, {"type": "Feature", "geometry": {"type": "MultiPolygon", "coordinates": [[[[-87.62446476694345, 41.91156699879239], [-87.62458571027508, 41.91147507718029], [-87.62466294356177, 41.91141637623927], [-87.62466179710717, 41.911404205373955], [-87.62466179639674, 41.91140420317421], [-87.62466909187363, 41.91124452233838], [-87.62466938849845, 41.91123803269795], [-87.6246783898921, 41.91104100219111], [-87.62468476716523, 41.910901417422366], [-87.62468704589782, 41.910851543065874], [-87.62468704693606, 41.91085151563001], [-87.62468792847152, 41.910848510103314], [-87.62470338623055, 41.9107958265834], [-87.62472248360925, 41.910748593330375], [-87.62472544489735, 41.91074127024577], [-87.6247374894129, 41.91071806748136], [-87.62475303547109, 41.91068812015424], [-87.62477022508247, 41.91066193624766], [-87.62479451291482, 41.91063119983044], [-87.62480170964781, 41.910622092511126], [-87.62483809000773, 41.91058466645199], [-87.62486183895483, 41.910564583082056], [-87.62487906906456, 41.910550012707816], [-87.62491765373942, 41.91052301017838], [-87.62492427636333, 41.91051837569439], [-87.62492600238951, 41.91051700791702], [-87.62495259287424, 41.91049593821976], [-87.62498712430819, 41.91046297352371], [-87.62501687019287, 41.910427482323826], [-87.62504149647492, 41.910389873099774], [-87.62506070360473, 41.91035055728795], [-87.62509515205642, 41.910265232169344], [-87.6251158934856, 41.91018023413329], [-87.62512112691847, 41.91012458958405], [-87.6251239286673, 41.91009480097574], [-87.62513502618118, 41.9100048590008], [-87.62514306388196, 41.90991580319871], [-87.62514417177003, 41.90985096967357], [-87.62514472651415, 41.90981853027577], [-87.62513550436917, 41.90969234892542], [-87.62512251846049, 41.90951953857302], [-87.62512251614987, 41.90951951495839], [-87.62511225256672, 41.90938293121467], [-87.62508968614237, 41.90911133291067], [-87.62508766025108, 41.909094134132644], [-87.62507269164108, 41.908967073193146], [-87.62504575903229, 41.90873474584028], [-87.62501943608774, 41.908540401541615], [-87.62498898177245, 41.9083808562891], [-87.62497151509852, 41.90828931109476], [-87.62495466213505, 41.90821333632335], [-87.62492847383578, 41.90809527553477], [-87.62490190226845, 41.90798849637038], [-87.62490188221881, 41.90798841584077], [-87.62490042421597, 41.90798013491477], [-87.62489507890896, 41.90794977463372], [-87.6248804166926, 41.907866493954316], [-87.62486343986005, 41.907785195143624], [-87.62484231791674, 41.90768404204878], [-87.62483685058523, 41.90766502099057], [-87.62482487761802, 41.907623369842085], [-87.62480926043479, 41.90752736265472], [-87.62480922816039, 41.907527357790386], [-87.62480675763692, 41.907527024490264], [-87.62480053016478, 41.907526183651754], [-87.62469490559877, 41.90725445657364], [-87.62459578819518, 41.906998878179905], [-87.62453923554283, 41.906835822624295], [-87.62452302082774, 41.90678907199805], [-87.62443519874755, 41.90653540235337], [-87.62443401119206, 41.906531971320454], [-87.62440518294616, 41.90644869695845], [-87.62439753608648, 41.90642660726822], [-87.62429175103145, 41.90612650426458], [-87.62421521501457, 41.90590936615417], [-87.62420427334021, 41.90587832472998], [-87.62420122327127, 41.90586968571761], [-87.62417190046118, 41.90578663984728], [-87.62414742618937, 41.905717326130386], [-87.62410589071699, 41.90559966949713], [-87.62400381131418, 41.905310513036056], [-87.62399108071315, 41.905274471252206], [-87.62397698982838, 41.90523457914062], [-87.62386025448117, 41.904901970131874], [-87.6236453952775, 41.90428684247594], [-87.62363770346835, 41.9042647444916], [-87.62363149769804, 41.90424691501225], [-87.62357495092641, 41.904084457190635], [-87.623573975406, 41.904081657533595], [-87.6235724590724, 41.90407730623852], [-87.62365523363952, 41.90406180524965], [-87.62372268414958, 41.90404917382253], [-87.62369492529169, 41.90401752676895], [-87.62367193283524, 41.90399131392906], [-87.62360684783127, 41.90394741533659], [-87.62355584272723, 41.9039192186882], [-87.62351721888395, 41.903900785688705], [-87.62350325360595, 41.90389454377657], [-87.62348658666149, 41.90388709416533], [-87.6234649030113, 41.90387721288531], [-87.62344660060839, 41.90386887225972], [-87.62344369295549, 41.90386752333212], [-87.62343545352054, 41.903863699899865], [-87.62341490864144, 41.903854184595936], [-87.62341239311449, 41.90385301948548], [-87.62339595022907, 41.90384577267288], [-87.62337159626804, 41.90383503924746], [-87.62334439946204, 41.90382304345628], [-87.62331356880031, 41.90380737591089], [-87.62329698667764, 41.903798739916525], [-87.6232794925624, 41.90378962901685], [-87.6232457807965, 41.903772076737134], [-87.62322921340635, 41.90376191393378], [-87.62321527815486, 41.90375336537135], [-87.62321290293615, 41.90375187099319], [-87.62316861935095, 41.903724015134486], [-87.62313343236971, 41.90369715102838], [-87.62312570999428, 41.90369125750495], [-87.62311836355467, 41.903685649510884], [-87.62309678757393, 41.90366918020204], [-87.62307213311104, 41.90365033839483], [-87.6230555171066, 41.90363764014463], [-87.62301432165974, 41.90360261646018], [-87.62298773100576, 41.903578933908115], [-87.62295837565256, 41.90355287393307], [-87.62293539539436, 41.90353160063633], [-87.62290847714024, 41.90350775138512], [-87.62287831957283, 41.903479869196204], [-87.62287360529497, 41.90347551072919], [-87.62283187967151, 41.903435378879], [-87.62281062253976, 41.903414086855435], [-87.62279028022813, 41.90339371129903], [-87.62276664171951, 41.90336860267341], [-87.62275059783454, 41.9033515613307], [-87.62272254497809, 41.90332062517145], [-87.62271793633664, 41.903316382334964], [-87.62271418949692, 41.9033129329748], [-87.62270861868343, 41.903307805206225], [-87.62270767059313, 41.9033071409978], [-87.62267767338129, 41.90327650810693], [-87.62267657824675, 41.90327538991561], [-87.62266464839368, 41.90326320633878], [-87.62259114715795, 41.90318814317785], [-87.62256090385742, 41.90315529852871], [-87.62251198332167, 41.90310217062447], [-87.62241124941465, 41.90298375389198], [-87.62233118572684, 41.90288963570061], [-87.62230339803254, 41.90285695300334], [-87.6222960498034, 41.90284830982476], [-87.62220687789885, 41.90273198123732], [-87.62210757778472, 41.90260243948907], [-87.62203438608965, 41.9025084171615], [-87.62200939289293, 41.902476310427154], [-87.6220069612892, 41.902473184503116], [-87.62198393206268, 41.90244357839852], [-87.62197042467834, 41.90242591078199], [-87.62195072971608, 41.90240015078524], [-87.62192951214259, 41.90236906467715], [-87.62191628346437, 41.90234737189484], [-87.62190948874779, 41.90233622938062], [-87.62189342089174, 41.902297930123574], [-87.62189332818917, 41.90229771055954], [-87.6218748090663, 41.90225382422402], [-87.6218650582263, 41.90222552593745], [-87.62186191364202, 41.90221343293113], [-87.6218576600127, 41.90219707702381], [-87.6218543805885, 41.90217482870016], [-87.62185487071285, 41.90216747417654], [-87.62185561468469, 41.902156312780576], [-87.62185596673751, 41.902153983462355], [-87.62185806635561, 41.90214009254556], [-87.62185898412024, 41.902134022776686], [-87.62185918727727, 41.90213243265527], [-87.62186115682535, 41.902117022548886], [-87.62186190638519, 41.90210730986749], [-87.62186291631329, 41.90209422860791], [-87.62186373314943, 41.9020836176073], [-87.62186437566479, 41.90207527500652], [-87.6218652665449, 41.902067788498364], [-87.62186640309758, 41.90205802552534], [-87.62186678619454, 41.9020549181352], [-87.62186713010749, 41.902052130754136], [-87.62186791633653, 41.9020477840967], [-87.62186826542818, 41.902045853771405], [-87.62186821237856, 41.902045834507526], [-87.62175397068805, 41.902004310845214], [-87.62166490420843, 41.90197563709137], [-87.6216372454986, 41.901966732701496], [-87.62161859401208, 41.901961482917805], [-87.62151830761418, 41.90193325679664], [-87.62139741345618, 41.90190391243036], [-87.62127485661114, 41.901878756027216], [-87.62115085584884, 41.90185789925687], [-87.62114646038187, 41.901857234236346], [-87.62114480502179, 41.90185698384935], [-87.6209981411086, 41.90182953960276], [-87.62063772767466, 41.90176209810764], [-87.62056998024806, 41.90174993257344], [-87.6205671955177, 41.901749204257754], [-87.62052086344504, 41.90173708654922], [-87.6204538446638, 41.901716979545505], [-87.62040952953205, 41.90170368441437], [-87.62038319958492, 41.9016960171136], [-87.62037284167425, 41.90169300083319], [-87.61992112736881, 41.90156151773987], [-87.61990344651164, 41.90155558572885], [-87.6198760401403, 41.90154639131943], [-87.61986159143139, 41.901539899253045], [-87.61983367869047, 41.90152735729159], [-87.61979717869157, 41.90150638382311], [-87.61976421413493, 41.90148793066167], [-87.61973327532583, 41.90147060835412], [-87.61963812410983, 41.90141733406234], [-87.61963820320024, 41.901417191853824], [-87.61964157305489, 41.901411125816686], [-87.6196414442059, 41.90141105229372], [-87.61956192792526, 41.90136565308877], [-87.61950270307442, 41.901327509759525], [-87.61948603163611, 41.901316772496685], [-87.61946947225101, 41.901304780990635], [-87.619443069965, 41.901285660245634], [-87.61941406378678, 41.90126465146491], [-87.61940512737316, 41.9012576617794], [-87.61939199551053, 41.901247390525945], [-87.61936739476216, 41.90122519370287], [-87.6193111144134, 41.901174412456946], [-87.61923485500431, 41.901098718564675], [-87.61922898435355, 41.901092289916264], [-87.6191634009266, 41.90102047492871], [-87.61909685758235, 41.90093984741626], [-87.61906786961919, 41.900900781336915], [-87.61904988818152, 41.90087655701549], [-87.61903537152757, 41.90085700050367], [-87.61897908818935, 41.90077210085528], [-87.61893211245638, 41.900692527462006], [-87.61886894747873, 41.90059023535749], [-87.61881023006339, 41.900495145138585], [-87.61880337465062, 41.900484043223955], [-87.6186136850973, 41.9002048947426], [-87.6185403162766, 41.90009692396536], [-87.61854030868574, 41.900096912941194], [-87.61854029062077, 41.900096885935255], [-87.61853258497774, 41.90008555039121], [-87.61848679425685, 41.90001818778764], [-87.618264874697, 41.899684150172355], [-87.6181904196864, 41.899572105720985], [-87.6179987550428, 41.89928464779667], [-87.61799663293937, 41.89928146471348], [-87.61797376614936, 41.89924718180827], [-87.61795057134894, 41.899212407009266], [-87.61773026076068, 41.898876155517655], [-87.61773015240863, 41.898875990462855], [-87.6176565046671, 41.89876356100214], [-87.61765646998941, 41.898763508645594], [-87.61764842192294, 41.89875122195008], [-87.61749483503452, 41.89851884369457], [-87.61748659935756, 41.898506094237696], [-87.61747844276236, 41.89849346684274], [-87.61721392147822, 41.89808413446794], [-87.61720092231249, 41.89806404793812], [-87.6171081766605, 41.89792880145316], [-87.61693994028597, 41.89768346883268], [-87.6168954608247, 41.89761861127949], [-87.61684857369075, 41.89755024253211], [-87.61664215748621, 41.89726347177763], [-87.61659573969256, 41.89719900019534], [-87.61653849701773, 41.89711949342298], [-87.61647466816818, 41.89703376055138], [-87.61636157941915, 41.89688186286474], [-87.61634662212593, 41.896857325210256], [-87.61633842336211, 41.89684387611882], [-87.61632172406901, 41.896816439277735], [-87.61632168796424, 41.896816383344344], [-87.61631638372182, 41.89680817432778], [-87.61621203581204, 41.89664668206492], [-87.61618768386559, 41.89660942848791], [-87.6160722095135, 41.89643277359235], [-87.61598959696082, 41.89630641574661], [-87.61587236573608, 41.896127107518645], [-87.61584466876448, 41.896085296747216], [-87.61581309366035, 41.89603763161061], [-87.61570679224891, 41.89587710251461], [-87.6155431386803, 41.89562996217035], [-87.61553042611186, 41.89561064534723], [-87.61550399064143, 41.89557046312105], [-87.61525801178136, 41.89519656686968], [-87.61514306498864, 41.89502182730971], [-87.61513085329406, 41.895003263298264], [-87.61497860016605, 41.894777914863965], [-87.61490652153415, 41.89467120743683], [-87.61488386058724, 41.89464247786721], [-87.6148477452228, 41.89459669046962], [-87.61466667361614, 41.89436707238431], [-87.61462539701124, 41.894314734781084], [-87.61462536296834, 41.894314691757934], [-87.61446637370487, 41.894113101490646], [-87.6144494768385, 41.89409178936079], [-87.6143626852923, 41.893982320980584], [-87.61433776849968, 41.89395088041661], [-87.61401200329581, 41.89353997690761], [-87.61397053061134, 41.89348766363071], [-87.61377287653373, 41.89323834198821], [-87.61368841603078, 41.89313180261952], [-87.6136863249501, 41.89312916465358], [-87.61368631879606, 41.89312915665674], [-87.61368620760669, 41.89312901710159], [-87.61367883066879, 41.893131770266], [-87.61352622223562, 41.893188724287654], [-87.6135242906744, 41.893189445439894], [-87.61352427077779, 41.89318945107807], [-87.61336961146792, 41.893233426619396], [-87.61321310600118, 41.893274097566206], [-87.61318215313275, 41.89328214110366], [-87.61286701301279, 41.89336153093327], [-87.61276385658499, 41.89338353597609], [-87.61267118476695, 41.89340330431123], [-87.61262318708603, 41.893409232771006], [-87.61258571508242, 41.89341336119492], [-87.61255483127547, 41.893412864660974], [-87.61253463393952, 41.893410020544245], [-87.61252036181143, 41.89340801081715], [-87.61246687402323, 41.89339916820528], [-87.61240226953473, 41.89338605682313], [-87.61214398461827, 41.89333800254347], [-87.61210875446672, 41.89333456256853], [-87.6120301409685, 41.8933268868629], [-87.61203007822245, 41.89332697949836], [-87.61190086999316, 41.89351828132848], [-87.61188402501736, 41.893543230095], [-87.61185656939223, 41.893574259556445], [-87.6118523659811, 41.89358041206758], [-87.61185126696107, 41.89358202014513], [-87.61178421544803, 41.89370473214235], [-87.6117187578141, 41.893803223613695], [-87.61168972260764, 41.893847700288305], [-87.61163074428507, 41.89393804335185], [-87.61161286173137, 41.893965451250814], [-87.61159254874165, 41.89399658481267], [-87.61154654155601, 41.894072422372744], [-87.6115178508622, 41.89411971565441], [-87.61138013513421, 41.894333367051274], [-87.61137770390884, 41.89433862947894], [-87.61137335947373, 41.894348033277836], [-87.61135945637454, 41.894378205174846], [-87.61135186176315, 41.89439468732546], [-87.61127583664006, 41.89451168946254], [-87.6112340713353, 41.89457402366074], [-87.61119947764949, 41.894625699603075], [-87.61118711125094, 41.894646636088424], [-87.61113683530098, 41.89473175370183], [-87.6111322867192, 41.89473876597847], [-87.61112065003977, 41.89475670732244], [-87.61107545327815, 41.894826399400166], [-87.61104439829751, 41.89487428498495], [-87.61098274906729, 41.8949703567756], [-87.6109628080556, 41.89499788965392], [-87.61095465434289, 41.895009148176], [-87.61085681933206, 41.89515798370133], [-87.61084371962251, 41.895177907576446], [-87.61082778275687, 41.895202147294384], [-87.61078968623718, 41.89527454775484], [-87.61069426473745, 41.89542826439626], [-87.61067775950458, 41.89545485342203], [-87.61065625881089, 41.89548882428228], [-87.61060674411652, 41.89556705676513], [-87.61058292102561, 41.89560469987314], [-87.61054062802239, 41.89567152581413], [-87.61052925646285, 41.89568599044656], [-87.61051495293636, 41.89570418524651], [-87.61049441386483, 41.89573888687996], [-87.61048810656241, 41.89574954310462], [-87.61047761212035, 41.89577143091814], [-87.61045271308757, 41.89581337073278], [-87.61043801902015, 41.89583586931655], [-87.61041530047952, 41.89587065381174], [-87.6103831566252, 41.8959265441443], [-87.61036567410383, 41.895952287508585], [-87.61033038071008, 41.896004257616426], [-87.61032156634748, 41.89601720978936], [-87.6102713640646, 41.896097876590815], [-87.61023315706628, 41.89614548529635], [-87.61017819325959, 41.89621397444519], [-87.61015449491826, 41.89622765614238], [-87.61010965613947, 41.896236621821664], [-87.61009723172445, 41.8962374763362], [-87.61002733411594, 41.896244006715555], [-87.60968132741708, 41.89625132181846], [-87.60942746204184, 41.89625666408983], [-87.60910800316823, 41.896261428851396], [-87.60881824074882, 41.89626783316438], [-87.60850568360752, 41.89626962086332], [-87.60842556814201, 41.896271513603104], [-87.60827929176116, 41.896274969352696], [-87.60825853989446, 41.896275139091145], [-87.60819403326676, 41.896275666451274], [-87.60811624920021, 41.896274818486624], [-87.60805707810685, 41.89627471865442], [-87.60804151477898, 41.89627465740322], [-87.60801076385815, 41.89627453617011], [-87.60799277312408, 41.896273688175796], [-87.60797647511276, 41.89627292002571], [-87.60794856187555, 41.89626956066712], [-87.6079438390249, 41.8962686924698], [-87.60793371779029, 41.896266832158624], [-87.6079260002472, 41.89626324526569], [-87.60792461874495, 41.89626260344387], [-87.60792448842506, 41.89626249971185], [-87.60792220227276, 41.896260688345606], [-87.60792207012582, 41.89626058377879], [-87.60792152768472, 41.896257786996465], [-87.60792137741184, 41.896257012173244], [-87.60792155269034, 41.89625119577913], [-87.60791962955719, 41.89625041195187], [-87.60790356481347, 41.89624386453638], [-87.60789780034993, 41.89624665934653], [-87.60788831121832, 41.8962512599324], [-87.60787332616718, 41.89625413973959], [-87.60787075276944, 41.89625463418389], [-87.60786677759079, 41.89625442877415], [-87.6078526183431, 41.89625369634664], [-87.60783739242824, 41.89624897447175], [-87.60783581819268, 41.89624848620597], [-87.6078326714978, 41.89624683350634], [-87.60783063369755, 41.89624576382722], [-87.60783059494112, 41.896245780596615], [-87.60782601170642, 41.89624776480992], [-87.60781457742567, 41.89625271506474], [-87.60780299215541, 41.896254552403256], [-87.60779643692047, 41.896255591939706], [-87.60777797784912, 41.896254130635064], [-87.60776103681907, 41.896248452250305], [-87.60775772418634, 41.89624666266055], [-87.60775713058197, 41.896246342225226], [-87.60775710955723, 41.89624635005067], [-87.60773975672473, 41.896252845226364], [-87.6077316299504, 41.896253839702794], [-87.6077205573853, 41.89625519426882], [-87.6077056440158, 41.89625365546728], [-87.6077012962103, 41.89625320675345], [-87.60768369961839, 41.896247003633604], [-87.60768048686325, 41.89624528163208], [-87.6076644679243, 41.89625217819982], [-87.60765757560137, 41.896253241668376], [-87.60764636471744, 41.89625497186205], [-87.6076280171193, 41.896253430008464], [-87.60762665567786, 41.896252963117504], [-87.60761122321038, 41.89624767020434], [-87.60760687899119, 41.896245282708406], [-87.60759107766982, 41.896252455064605], [-87.60758643571685, 41.896253266286124], [-87.6075730434993, 41.896255606725234], [-87.60755461915281, 41.89625442030199], [-87.6075480254919, 41.89625230041938], [-87.60753763856259, 41.89624896117296], [-87.60753478965904, 41.89624754415607], [-87.60752589447651, 41.896250486009166], [-87.60751565471223, 41.89625387243592], [-87.60749495202701, 41.896255992125354], [-87.60749487205432, 41.896255983387164], [-87.60747426160113, 41.896253720565596], [-87.60746038850317, 41.896249515972876], [-87.60744173143274, 41.89625587442904], [-87.6074317246504, 41.8962569475598], [-87.60742143213162, 41.896258050990966], [-87.60740110803795, 41.89625586515849], [-87.60739505763293, 41.89625384145652], [-87.60738354374496, 41.896249990956065], [-87.60736893954484, 41.896255693902994], [-87.60736590913164, 41.896256877268094], [-87.60736584254303, 41.89625688672636], [-87.60736424992535, 41.89625711375968], [-87.60734637390041, 41.89625966237863], [-87.60732659426034, 41.89625808288324], [-87.60730825843311, 41.89625225949938], [-87.60730796580312, 41.8962521201631], [-87.60729070057836, 41.896258788985904], [-87.60729005831575, 41.89625887328943], [-87.60727157281495, 41.89626130278541], [-87.60725231015542, 41.89625947983941], [-87.60723489377425, 41.89625355166483], [-87.6072165622516, 41.89626035149465], [-87.60719636710236, 41.89626299546952], [-87.6071908335065, 41.89626252716344], [-87.60717603811051, 41.8962612749883], [-87.60716636992191, 41.89625836478632], [-87.60715908986116, 41.89625617358152], [-87.60714120175399, 41.89626267351437], [-87.60714112835545, 41.89626270049252], [-87.60712145117424, 41.8962650458641], [-87.60711133087568, 41.89626401287289], [-87.60710167651591, 41.89626302700965], [-87.60709564309805, 41.89626096360795], [-87.60708352833085, 41.896256820583915], [-87.60708305372808, 41.896256598043614], [-87.60707214112296, 41.896261630832065], [-87.60706732451064, 41.89626385228738], [-87.60706166803419, 41.89626486069341], [-87.60704932751045, 41.89626705980875], [-87.60704001152534, 41.896266487441125], [-87.60703090108996, 41.896265927349766], [-87.60702153720646, 41.89626296938966], [-87.60701388214136, 41.89626055077659], [-87.60701284249848, 41.896260015661355], [-87.60700982546747, 41.89625846145407], [-87.60700913529803, 41.89625810582676], [-87.6070091054244, 41.89625811661475], [-87.60699113859158, 41.89626449637765], [-87.60698364394833, 41.89626532712683], [-87.60697146363762, 41.896266677083595], [-87.6069517639905, 41.896264521740534], [-87.60694197597212, 41.896261101706315], [-87.60693416648357, 41.89625837311037], [-87.60692891075577, 41.89626061099181], [-87.60691803759103, 41.89626524143597], [-87.60690292541803, 41.89626753688816], [-87.60689982446878, 41.89626800766606], [-87.6068997026424, 41.89626799729057], [-87.60688140480057, 41.8962664092549], [-87.60686453743945, 41.896260621983515], [-87.60686117835552, 41.8962588172552], [-87.60684581384339, 41.89626626587222], [-87.60683932447981, 41.89626751982097], [-87.60682807180667, 41.89626969423622], [-87.6068111547612, 41.89626887425464], [-87.60680982659228, 41.89626881014361], [-87.60680088493125, 41.896266095231745], [-87.60679284226853, 41.89626365329547], [-87.60678993229443, 41.89626214915598], [-87.60678714537985, 41.89626070863795], [-87.60676882656708, 41.896266382791914], [-87.60675909333983, 41.89626710578412], [-87.60674908587029, 41.896267849542966], [-87.60672961530501, 41.89626492722586], [-87.60671753545967, 41.8962600708834], [-87.6067121383232, 41.896257901169506], [-87.60669829150822, 41.896247461751955], [-87.60669818953293, 41.8962473850914], [-87.6066891788056, 41.8962347896689], [-87.60668907865386, 41.89623464935366], [-87.60658882461814, 41.8962365585458], [-87.6065528162104, 41.89623724393323], [-87.60655409234435, 41.896283492897744], [-87.60586507649468, 41.89629600732945], [-87.60586352032429, 41.89625962210434], [-87.60586310289222, 41.896249863709], [-87.60579441849661, 41.89624952571436], [-87.6057269523709, 41.896249193751366], [-87.60572689928969, 41.89624927519322], [-87.60571809236998, 41.896262748736646], [-87.60570576633637, 41.896272759809435], [-87.60570441358236, 41.896273858536105], [-87.6056870261071, 41.89628154225813], [-87.60566744452696, 41.89628523238628], [-87.60566360848257, 41.89628509858317], [-87.6056472502162, 41.8962845284032], [-87.6056323408215, 41.89628105796596], [-87.60562288387551, 41.896284458789324], [-87.60561434341331, 41.8962875300745], [-87.60559459302263, 41.89628984782688], [-87.60558062279563, 41.89628838525325], [-87.60557478156952, 41.896287773591666], [-87.60555663458106, 41.89628153894122], [-87.6055565038413, 41.89628147252544], [-87.60555608605297, 41.896281260767], [-87.60553592550703, 41.89628741756254], [-87.60551430674445, 41.89628933899237], [-87.60549277315317, 41.896286897077516], [-87.6054814595702, 41.89628372438415], [-87.60548136662747, 41.89628375809796], [-87.60546372059333, 41.896290143496856], [-87.60546364609223, 41.89629017046696], [-87.6054441171223, 41.89629246078246], [-87.60542452529151, 41.89629038901115], [-87.6054065989381, 41.89628410085091], [-87.60540634382986, 41.89628398919001], [-87.60540241501694, 41.8962855880481], [-87.60538914774467, 41.896290988021676], [-87.60536997813547, 41.89629391259962], [-87.60535049080006, 41.89629247182859], [-87.60533248488312, 41.896286786334954], [-87.60533107718113, 41.89628612510622], [-87.60533076735891, 41.89628597989306], [-87.60531570089454, 41.89629307426741], [-87.60530830458168, 41.89629439729723], [-87.6052983657827, 41.89629617539221], [-87.60528748578051, 41.896295381935005], [-87.60528063981239, 41.89629488271363], [-87.60527841297093, 41.896294129572986], [-87.60526443026102, 41.896289400969295], [-87.60526225725218, 41.89628814460279], [-87.60525833635157, 41.89628587742972], [-87.60524271559106, 41.89629329786254], [-87.60523642328515, 41.896294500280774], [-87.6052247891051, 41.89629672371141], [-87.60521524352961, 41.896296251825504], [-87.60520632385241, 41.896295810800964], [-87.60519679698237, 41.89629294853018], [-87.60518915601338, 41.89629065282661], [-87.60518744619176, 41.896289815147135], [-87.60518546643158, 41.89628884567928], [-87.60516978791328, 41.896294947680495], [-87.60515643694781, 41.89629646126157], [-87.60515419351954, 41.89629671569594], [-87.60515231865863, 41.896296923345695], [-87.60514071265226, 41.89629559947562], [-87.6051380527969, 41.896295296110495], [-87.60513804839583, 41.896295295533726], [-87.60510401445116, 41.89631011838138], [-87.60508211321304, 41.8963174712466], [-87.60507043342463, 41.89631940842318], [-87.60506139546845, 41.896320907633715], [-87.6050433811221, 41.896323142448466], [-87.60502814455072, 41.896325032639155], [-87.60501796784266, 41.89632612177042], [-87.60499909241193, 41.89632814145742], [-87.6049613057314, 41.89633064574499], [-87.60491019526671, 41.896332270224384], [-87.60482912213557, 41.896333155204104], [-87.60481517437204, 41.89633194679595], [-87.60478879467802, 41.896329661161154], [-87.60475674415723, 41.89632841500591], [-87.60472686057503, 41.89632721360071], [-87.60468379469087, 41.89632548232998], [-87.60462471004932, 41.896327467443825], [-87.6044866574919, 41.896329252657715], [-87.60444038954572, 41.89632971200101], [-87.60430452885797, 41.89633106057995], [-87.60421682255877, 41.896327430463664], [-87.60414336136878, 41.89633064127848], [-87.60402978315196, 41.896331429324256], [-87.60399500170213, 41.8963337391531], [-87.60390079958661, 41.89633999507744], [-87.60379362380114, 41.89634152388705], [-87.60378897558081, 41.896341590130156], [-87.60376676834744, 41.89634212247749], [-87.60353837041451, 41.89634759953098], [-87.60337993896191, 41.89635407908382], [-87.60312720512853, 41.89636441515873], [-87.60286007683128, 41.896362585033316], [-87.60267883790662, 41.89636134307648], [-87.60251368244963, 41.89637188731644], [-87.60249398147627, 41.896373144752346], [-87.60249395133155, 41.89637314703031], [-87.60248687487103, 41.896372955999354], [-87.60242607905012, 41.89637131685636], [-87.60242598468233, 41.89637131433475], [-87.60236955505852, 41.89634332071557], [-87.60235227913915, 41.896309073029244], [-87.60235121988481, 41.896277536690384], [-87.6023507429935, 41.896263344321056], [-87.60234777385868, 41.89624874256378], [-87.60234267409294, 41.89622366595089], [-87.60234211577318, 41.8961178946971], [-87.60234188430893, 41.896073935541644], [-87.6023417960189, 41.89605558868046], [-87.60234170973276, 41.89603771027265], [-87.60233779126476, 41.89580791174353], [-87.60233567240786, 41.89573952512359], [-87.60233400671437, 41.895685768702336], [-87.60233256327619, 41.89563973898792], [-87.60233144717866, 41.89560413807317], [-87.6023301457973, 41.89535111170214], [-87.60232878219053, 41.895271026824425], [-87.60232496606059, 41.89504520668343], [-87.60232418769505, 41.894987817049866], [-87.60232289069069, 41.8948922298637], [-87.60232057407885, 41.8948408976636], [-87.60231968067097, 41.894820941668385], [-87.60231305103872, 41.89467284775541], [-87.60231426869915, 41.89458549088862], [-87.60231487305302, 41.89454212430846], [-87.602315152798, 41.894517592909104], [-87.60231646548165, 41.894402480635364], [-87.60231900147934, 41.894176838109196], [-87.60231338073096, 41.893990167213545], [-87.60230012270789, 41.89354875444705], [-87.60229307175169, 41.89331368203933], [-87.6022930712018, 41.893313665844865], [-87.6023519555139, 41.89326459012859], [-87.603711170941, 41.89324450212767], [-87.60399530253403, 41.89324026289515], [-87.60429304683363, 41.8932358206893], [-87.60518912791169, 41.893221253932], [-87.60695974792579, 41.89319242694982], [-87.60783442156236, 41.89317817641531], [-87.60982234547674, 41.89314576413907], [-87.60982234347085, 41.89314568152493], [-87.6098223271734, 41.893145107877054], [-87.60982147697032, 41.893115325370196], [-87.60981494947465, 41.89288626489121], [-87.60980974295809, 41.89270356067102], [-87.60979800922276, 41.89229187909381], [-87.60979598806533, 41.892220709695046], [-87.6097959852767, 41.89222059881033], [-87.60519965472939, 41.8922944274819], [-87.60477905274507, 41.89230117744756], [-87.60477520149365, 41.89230123945697], [-87.60460086855521, 41.89230403640499], [-87.60445691873966, 41.89230634619344], [-87.60359286742104, 41.89232252792699], [-87.60303660832557, 41.89233294229099], [-87.6009113470078, 41.892365372776915], [-87.60091134670684, 41.89236539911969], [-87.6009112326793, 41.892378626978285], [-87.60091093329373, 41.892408015004605], [-87.60090217148185, 41.8924082082971], [-87.60087518768002, 41.89240880292573], [-87.60087489168369, 41.892408993134204], [-87.60084695524175, 41.892423853075], [-87.60081601469889, 41.892434961960596], [-87.60078302710778, 41.892441941152086], [-87.60075097660622, 41.89244447022315], [-87.60074891210674, 41.89244463295814], [-87.60074883538547, 41.89244462945003], [-87.60071466444079, 41.89244296029934], [-87.60068131022317, 41.89243692944785], [-87.60064984035648, 41.89242676736329], [-87.60063637990056, 41.89242018340524], [-87.60062113307073, 41.89241272580872], [-87.6005923468031, 41.8924152037644], [-87.60059234404982, 41.892415155448305], [-87.60059131401728, 41.89239752978821], [-87.60059047288685, 41.892383139140186], [-87.60058212097556, 41.89224049675693], [-87.60058211453348, 41.8922403855743], [-87.59966713440062, 41.89225565322985], [-87.59854931959673, 41.89227429537063], [-87.59854559894939, 41.89215154250751], [-87.59854044492897, 41.891981483301244], [-87.59852848911702, 41.891585852991376], [-87.59852439074506, 41.891450398472024], [-87.59852438758668, 41.89145028950567], [-87.59933441776533, 41.89143639089881], [-87.60056686477535, 41.891415233875705], [-87.60056133695592, 41.8911116038044], [-87.60059370721389, 41.89111041079797], [-87.60060577556504, 41.891103968322504], [-87.60062149519412, 41.891095577135275], [-87.60065225233969, 41.891084522013166], [-87.60068038444587, 41.891078589265234], [-87.6006850924566, 41.891077596525946], [-87.60068659337121, 41.89107747876927], [-87.60071905915, 41.89107493150769], [-87.60074848450196, 41.89107644744021], [-87.6007531211462, 41.89107668613029], [-87.60078629036191, 41.89108274322342], [-87.60081753789198, 41.891092958189546], [-87.60082112280082, 41.89109472858658], [-87.60084602507595, 41.891107025735714], [-87.60084642146725, 41.89110765943839], [-87.60088704939363, 41.8911069858161], [-87.60088705126479, 41.89110701491693], [-87.60088847217635, 41.891128720182664], [-87.60088992652483, 41.8911509385592], [-87.60170350817259, 41.8911379591652], [-87.60275997947338, 41.89112056342943], [-87.60326047864119, 41.891112068951315], [-87.60389620675666, 41.89110127685574], [-87.60434189163821, 41.89109664378916], [-87.60452218449369, 41.891094768698146], [-87.60487573749607, 41.891088996655874], [-87.60491287001743, 41.89108839054437], [-87.60521340778415, 41.89108348341263], [-87.6061351503751, 41.891068457765925], [-87.60746207467167, 41.89104681425857], [-87.60953544573303, 41.891012947190674], [-87.60953205618894, 41.8909218901726], [-87.60952761185798, 41.89080249747655], [-87.60951590282774, 41.89040968883424], [-87.60950941840652, 41.89019214661577], [-87.60949717320437, 41.889780351840415], [-87.60949195771704, 41.88960546276633], [-87.60949195446263, 41.889605360660184], [-87.60948615199536, 41.889410800756046], [-87.6094858028664, 41.88939911002587], [-87.60956634327981, 41.889403381119166], [-87.60954751585592, 41.88931434642468], [-87.611233341241, 41.88931014006117], [-87.61136732134672, 41.889740742646694], [-87.61143663656367, 41.89063033697911], [-87.61355929346547, 41.890584383773096], [-87.61356976237043, 41.89056155669192], [-87.61362028536001, 41.890451392565105], [-87.613639897346, 41.89044999626941], [-87.61423153148505, 41.890407875796505], [-87.61423158514853, 41.890407872016176], [-87.61440557425611, 41.89040347376108], [-87.61441120753535, 41.89055615721234], [-87.6155517881876, 41.8905372221565], [-87.61555612531586, 41.89047790513901], [-87.61579679761691, 41.89050890948601], [-87.61585762543382, 41.890507487681305], [-87.61606313673384, 41.89050268369287], [-87.61606469987713, 41.890445065025546], [-87.6165123990616, 41.89043688356934], [-87.61651282527049, 41.890472311861835], [-87.61651311277605, 41.890496231878686], [-87.61678255496267, 41.89045880808857], [-87.6170263503904, 41.89045689932396], [-87.61703032011746, 41.890512493791235], [-87.61714894504397, 41.89051027154382], [-87.61733246185563, 41.89050683222599], [-87.61733247189035, 41.89050622965405], [-87.61765275774954, 41.89053215128616], [-87.61785186454576, 41.89053202344623], [-87.61795214224036, 41.890432140220724], [-87.61858865181041, 41.89043198156485], [-87.61867520335439, 41.89043183994119], [-87.61961384322895, 41.89046477226381], [-87.61987212805704, 41.89046500980435], [-87.61987214310652, 41.89017480706158], [-87.61960427611541, 41.89017930991355], [-87.61867501155152, 41.8901608453057], [-87.61857947977735, 41.89016265222134], [-87.6177158164693, 41.89017613946664], [-87.61764165554416, 41.890177054901606], [-87.61732369044313, 41.89018227120348], [-87.61538974957263, 41.89020758654061], [-87.61441450656196, 41.890221038463636], [-87.61422737435625, 41.89022192029248], [-87.61422719070816, 41.89022192161229], [-87.61407211025424, 41.89022266937168], [-87.61388056488079, 41.890223526012306], [-87.61371744284628, 41.89022419985953], [-87.61362622024303, 41.89022467537607], [-87.61270662918854, 41.890228856737174], [-87.61266823110509, 41.890216636078144], [-87.6126439589877, 41.89020891103006], [-87.61259126435739, 41.890159183772404], [-87.61257778147984, 41.8900925519488], [-87.61256818348409, 41.890007076778616], [-87.61256048376443, 41.88991612559566], [-87.6125557967071, 41.889802210333585], [-87.61255426074092, 41.88973462385111], [-87.61254944571634, 41.88963202803532], [-87.61321579397533, 41.889059992505224], [-87.61397431380259, 41.88840881363594], [-87.6141713064626, 41.888410047476086], [-87.6141713633833, 41.888410047832544], [-87.6144251541159, 41.88841163692238], [-87.6145510296211, 41.88841426570828], [-87.61526597330408, 41.88842271541965], [-87.61531893328919, 41.888419814950986], [-87.61584971765679, 41.88839074387323], [-87.6169216833365, 41.88835292486681], [-87.61707532258197, 41.88834158714498], [-87.61725531646887, 41.88832830433764], [-87.61762653840017, 41.88831907518867], [-87.61801183559251, 41.888311037895235], [-87.61809829991677, 41.88831651608427], [-87.6181999057008, 41.88833089750657], [-87.61908447877927, 41.88843302735321], [-87.61940299470818, 41.88846653929433], [-87.62046451668635, 41.88857822827862], [-87.62054535093883, 41.88858673306877], [-87.6205817399331, 41.888590561566126], [-87.62063763650015, 41.88859644196785], [-87.62120026805376, 41.88865563522467], [-87.62231739230626, 41.88878871500608], [-87.62271368560522, 41.888835921594904], [-87.62331815746879, 41.8888822511385], [-87.6236070835185, 41.888905167803934], [-87.62385808887146, 41.88889332694941], [-87.62403204516157, 41.88881833126066], [-87.62418745711489, 41.888822693937286], [-87.6243719211366, 41.8888573104239], [-87.62444186119032, 41.88887212419609], [-87.62451399604865, 41.88888165289749], [-87.62463269545735, 41.88888153478957], [-87.6247302092225, 41.888894238638706], [-87.62496824494029, 41.88890284250418], [-87.62509444359745, 41.88890540437235], [-87.62519042922851, 41.888870266329555], [-87.6252921578476, 41.88883796411112], [-87.62566445654673, 41.88867667354962], [-87.62598714711291, 41.888505308099326], [-87.62606836170887, 41.88844076986385], [-87.62635599013632, 41.888244873460465], [-87.62659753472917, 41.88809150285071], [-87.62681750426151, 41.88794356101483], [-87.62686092825467, 41.88791616898213], [-87.62691277567896, 41.88788346348846], [-87.62703825649533, 41.887811722370515], [-87.6272649635308, 41.88765974097091], [-87.62743072778535, 41.88758422321657], [-87.62750430232244, 41.88755558981484], [-87.62761676634679, 41.88751182103785], [-87.62800209576221, 41.88747256377533], [-87.62823789633367, 41.88744853952807], [-87.62879231003389, 41.88744077350769], [-87.62898508995517, 41.88742642368792], [-87.62928432997519, 41.887419422232206], [-87.62953702558535, 41.88742022641455], [-87.62965674585487, 41.88742060717032], [-87.63006787671526, 41.88742117728569], [-87.6307846746275, 41.88743140999083], [-87.63102104321342, 41.887443166189456], [-87.63125527052202, 41.88745481495748], [-87.6317092995552, 41.88746648669011], [-87.63223001017212, 41.88747987001146], [-87.63249901076459, 41.88748065470635], [-87.63272878764147, 41.887481324341245], [-87.6327982194705, 41.88747334999376], [-87.63337190692046, 41.887476352880164], [-87.63377407677231, 41.8875341273879], [-87.63397064845425, 41.887527794223736], [-87.6341413214111, 41.88752127065726], [-87.6342656972796, 41.8875189817569], [-87.63483997672115, 41.88746761889528], [-87.63520350308197, 41.88746565822431], [-87.63561908583993, 41.8874520478083], [-87.63579691662892, 41.88742768929065], [-87.63583721798034, 41.88740861518083], [-87.63597547453938, 41.88734318062547], [-87.63684403470833, 41.88680775414119], [-87.63708682120816, 41.88667593864277], [-87.63727049079492, 41.886556607360575], [-87.63743969854144, 41.886419625006894], [-87.6375883858287, 41.88623413629368], [-87.63839249553237, 41.88672649290638], [-87.63854658838315, 41.886857375510644], [-87.63856385463592, 41.886872041461594], [-87.63876516587425, 41.887161541666565], [-87.63884785955682, 41.887372771993135], [-87.63891793277901, 41.887637109308834], [-87.63894935047298, 41.88773721706306], [-87.63899015818555, 41.88785875921149], [-87.63900091020741, 41.88788467496105], [-87.6390087383728, 41.88791620146719], [-87.6390128606564, 41.8879327988556], [-87.63904233664273, 41.88805284546297], [-87.63906376813124, 41.88813574130482], [-87.6392019926464, 41.88844878903652], [-87.63921102362264, 41.88850074926934], [-87.63921893308164, 41.88854625705228], [-87.63922613206644, 41.8886378209537], [-87.63925901358306, 41.88878596164556], [-87.63927826838267, 41.88885281792354], [-87.6393200640193, 41.88896124844017], [-87.63936098294354, 41.88908028424291], [-87.63943528456821, 41.889228300586254], [-87.63954065419563, 41.88935369035063], [-87.63959663491897, 41.88941725582093], [-87.63964050080463, 41.88946680734669], [-87.6397171175687, 41.88955453694698], [-87.63978968498007, 41.88963636936776], [-87.63987549427004, 41.88972991727975], [-87.639989863542, 41.889852523426285], [-87.6399992957304, 41.889862635266255], [-87.64012224896831, 41.88999918993116], [-87.64020324746399, 41.89009279088025], [-87.64029904579412, 41.890203495370066], [-87.64041394817454, 41.89033744898708], [-87.64066876157753, 41.8906431027887], [-87.64068444442788, 41.89066672154609], [-87.64086337059724, 41.89093618112709], [-87.64093914767773, 41.891044129869094], [-87.6410372385747, 41.89118429350455], [-87.6410920109532, 41.89126821292011], [-87.64116075394715, 41.891384845786085], [-87.64117809795458, 41.89141275220493], [-87.6411916554222, 41.89143456554347], [-87.64126742860675, 41.89162810682857], [-87.64133359829096, 41.89172460881067], [-87.64139702170625, 41.891816922963784], [-87.64145693721672, 41.89190422143233], [-87.64150556017954, 41.89196933327773], [-87.64157415757566, 41.89204850615805], [-87.64173954243165, 41.89219154434405], [-87.6418020868505, 41.89225652008932], [-87.64190571319726, 41.89235362517202], [-87.64192666177308, 41.89237285888281], [-87.64199672020278, 41.892454878668524], [-87.64203770105293, 41.892502855632365], [-87.64207460726135, 41.89253929432932], [-87.64213097204505, 41.892594943722834], [-87.64228411704065, 41.892735656891695], [-87.6424501272061, 41.89286862617845], [-87.64257330905212, 41.892944037924515], [-87.64271570753768, 41.89303583843831], [-87.64280457925157, 41.89310503370715], [-87.64289247137677, 41.89317312532188], [-87.64294310923772, 41.89321503241258], [-87.64321544010909, 41.893376301657305], [-87.64327098090185, 41.893402952939006], [-87.64336522318095, 41.893444188547065], [-87.64342287664893, 41.893472416389876], [-87.64349508119147, 41.893506933593336], [-87.64355315304569, 41.89353724977881], [-87.64362706734092, 41.89364159029511], [-87.6436473019282, 41.893675998875615], [-87.64365581380686, 41.89369047316002], [-87.64367319978847, 41.893719995801376], [-87.64369649894401, 41.8937597079044], [-87.64373119747553, 41.89381872501363], [-87.64377722155788, 41.89388332631164], [-87.64378764456383, 41.893894310963816], [-87.64381128745852, 41.89391915106606], [-87.6439769336601, 41.89402168235087], [-87.6440400547546, 41.894094920753], [-87.64405849747573, 41.8941183849132], [-87.64407483891142, 41.89413911966315], [-87.64411665254151, 41.894274305047034], [-87.6441212971369, 41.894347905646335], [-87.64412541023715, 41.89441966469019], [-87.6441261643797, 41.89443379929311], [-87.64412806970736, 41.89446951599698], [-87.64413195021122, 41.89454248138184], [-87.64413724698281, 41.89464308643905], [-87.64413896536631, 41.8946757287485], [-87.64414429937231, 41.894776254443705], [-87.64417347718542, 41.895477785118466], [-87.64419243979461, 41.89593370370053], [-87.64422160388669, 41.89645465846833], [-87.64423178154094, 41.89663645246241], [-87.64443161890595, 41.8972420576542], [-87.64461370484145, 41.897398754904025], [-87.64478012676919, 41.897541971283495], [-87.64488578605847, 41.897694018807975], [-87.6454082642206, 41.897763321478706], [-87.64631503893047, 41.897857489353], [-87.64782898072374, 41.897963387087835], [-87.6479003579845, 41.89796837929382], [-87.64878990113318, 41.898087778766346], [-87.64939841219034, 41.89830691440105], [-87.64967373243672, 41.89851068931551], [-87.64973511575708, 41.89855612113229], [-87.6508628661697, 41.8994121899922], [-87.65103258069415, 41.89951904915513], [-87.65123298152136, 41.899660307939435], [-87.65128824853558, 41.899697147985215], [-87.65133971763953, 41.89973145584533], [-87.65135543331856, 41.89974193144523], [-87.65160100747984, 41.89986656928578], [-87.65168366464772, 41.89990852042607], [-87.65189956535318, 41.90001320460053], [-87.65202654099039, 41.900055450861814], [-87.65211561076202, 41.90008018343904], [-87.65219490499172, 41.90009503360166], [-87.6524772053324, 41.90013537402687], [-87.65252594501892, 41.900125427006486], [-87.65255325642406, 41.90011669760461], [-87.65257643046077, 41.90011708197098], [-87.6529071551462, 41.900177137587114], [-87.65343196122213, 41.90028353909321], [-87.65445494642195, 41.90051371315732], [-87.65450732628875, 41.90052766166025], [-87.65516171977909, 41.90074135847824], [-87.65538096866017, 41.900812954368874], [-87.65588779533023, 41.901168552498085], [-87.65591657729557, 41.90121183394508], [-87.65602297927511, 41.901421312382496], [-87.65616058788287, 41.90169222441415], [-87.65616612421279, 41.9017083657184], [-87.6561847175665, 41.901922031680265], [-87.65647438815625, 41.90262200985959], [-87.6573402724208, 41.90339906346051], [-87.65739154274362, 41.90346576035875], [-87.65742450944009, 41.90350864590454], [-87.65744029614429, 41.903529182543735], [-87.65749659930387, 41.903602425748666], [-87.65815726863988, 41.904526206720476], [-87.65828901180902, 41.90504119538742], [-87.65822805988866, 41.90536249435305], [-87.65816987520536, 41.90566919924368], [-87.6579586909391, 41.90704515005553], [-87.65794752587148, 41.90711490670386], [-87.65794627846881, 41.907122698199814], [-87.65778769856458, 41.908113434111655], [-87.65776508382136, 41.9082513633481], [-87.65775179939365, 41.90836846387065], [-87.65773586117479, 41.90844109222852], [-87.65769059376034, 41.908577653257524], [-87.6576805828008, 41.908577868776185], [-87.65757623080998, 41.90885980075845], [-87.65751738126923, 41.908977867987076], [-87.65750697528708, 41.9090344751132], [-87.65749024392679, 41.90907811611322], [-87.65748556600806, 41.909090318520064], [-87.6592287748729, 41.90907019881595], [-87.65918674100048, 41.9092003587293], [-87.65894982240914, 41.90985076683943], [-87.65800830496748, 41.910164590250005], [-87.65693683468854, 41.910521551191366], [-87.6568513032891, 41.91074463321419], [-87.65686079759237, 41.91078450957379], [-87.65668210173355, 41.91078488204974], [-87.65629716917124, 41.91079152194835], [-87.65621492353478, 41.91079294038529], [-87.655972330092, 41.91079360508501], [-87.65577598626763, 41.910794868748894], [-87.65553818124957, 41.91079935907493], [-87.6549772490073, 41.91080951012989], [-87.6545744801052, 41.91081689947098], [-87.6540796313731, 41.91082409976644], [-87.65372833542033, 41.91082921076268], [-87.65353281612022, 41.91083238929618], [-87.65336756151086, 41.910835300780384], [-87.65310748102343, 41.910839882756], [-87.65271559885018, 41.910846785337476], [-87.65201384517087, 41.91085818344847], [-87.65165036522743, 41.91086409422048], [-87.65110572330991, 41.9108737849237], [-87.65091163709056, 41.91087691344626], [-87.65054811404187, 41.91088336849492], [-87.6500366638285, 41.91089152262178], [-87.64950135346433, 41.91090048544853], [-87.64878887346646, 41.910912411107105], [-87.64827157387047, 41.91091961909868], [-87.64776691192985, 41.91092664884096], [-87.6475890012988, 41.910929373810305], [-87.64749414332782, 41.91093082675923], [-87.64732442268118, 41.91093342570251], [-87.64690187281313, 41.91093989552502], [-87.64657447667744, 41.91094490741349], [-87.64584458738625, 41.9109556096916], [-87.64540637093756, 41.91096203317369], [-87.64498484261352, 41.91096821007443], [-87.64435615670395, 41.910986758956014], [-87.64399618690442, 41.910997377848155], [-87.64362431839255, 41.91100428309898], [-87.64343057888489, 41.91101775914969], [-87.64306359824671, 41.91104328465279], [-87.64222471044191, 41.911061716674], [-87.64149114698402, 41.911072365317665], [-87.64101649429568, 41.91107925310668], [-87.64043198568643, 41.91108773238472], [-87.63980635960266, 41.91109680447882], [-87.63942930569783, 41.91110227047938], [-87.63859245748951, 41.91111452309947], [-87.63762380322525, 41.91112869777659], [-87.63684688406303, 41.91114006091139], [-87.63666242055488, 41.91114223523955], [-87.63570119384946, 41.91115356033721], [-87.63505140501742, 41.911161211639985], [-87.63471084637904, 41.91116140604338], [-87.63315087951435, 41.91116228303934], [-87.63291310719471, 41.911162414966824], [-87.63253926704655, 41.91116126105827], [-87.63247459924456, 41.911161061208276], [-87.63237604226127, 41.91116075681045], [-87.63197397810254, 41.91116379016686], [-87.63168235201155, 41.91118052852089], [-87.63138196618307, 41.911197768016464], [-87.63126761508869, 41.91119515920584], [-87.63100570872756, 41.91118918354832], [-87.63093872278026, 41.9111902156318], [-87.63083069387942, 41.911191880226326], [-87.63058244459404, 41.91119570474265], [-87.63020702112262, 41.911201558225294], [-87.62997199983243, 41.91120522175209], [-87.62913677712544, 41.91121909295045], [-87.62888562430254, 41.91122300685781], [-87.62850626958715, 41.91122891820175], [-87.62794388561724, 41.911237786111485], [-87.62783171790491, 41.9112395882102], [-87.62766307941025, 41.911242296458724], [-87.62717118434072, 41.911249263904274], [-87.62712453545166, 41.91125142102183], [-87.6271034930211, 41.9112551834683], [-87.62707566626666, 41.91126015911857], [-87.62700724838425, 41.91128002773321], [-87.62698508992784, 41.911286612317646], [-87.62694076663102, 41.91130039257396], [-87.62690299388167, 41.91131360224816], [-87.62686468723902, 41.91133811210016], [-87.62682719452444, 41.911367435109035], [-87.62678948754912, 41.91140768841913], [-87.62675883993494, 41.91144194181719], [-87.62673798064174, 41.91147063032226], [-87.62656614223737, 41.9116734579212], [-87.62652436009067, 41.91159217329734], [-87.62645810268478, 41.91147052544589], [-87.62640461918176, 41.91137318773006], [-87.62632294794984, 41.91138165851714], [-87.62617635054958, 41.911398238719066], [-87.62600255359153, 41.91141810424935], [-87.62573370171182, 41.91144835494272], [-87.62563247930449, 41.911459757160046], [-87.62470625198789, 41.91156481754631], [-87.62446476694345, 41.91156699879239]]]]}, "properties": {"community": "NEAR NORTH SIDE", "shape_area": "76675895.9728", "area_num_1": "8", "area_numbe": "8", "shape_len": "57293.1649516"}}, {"type": "Feature", "geometry": {"type": "MultiPolygon", "coordinates": [[[[-87.69474577254876, 41.961273425776355], [-87.69472490476532, 41.961209505481456], [-87.69471257958179, 41.961155046708775], [-87.69470348082172, 41.96110153891275], [-87.6946996808335, 41.96101814871704], [-87.6947026086714, 41.960938500626526], [-87.69469883494622, 41.960841471857265], [-87.69469374331176, 41.96076957270727], [-87.69468342378184, 41.96070209009269], [-87.69468085737817, 41.9606608578002], [-87.69467327209493, 41.96056257292836], [-87.69468051865049, 41.96045545188362], [-87.6946810715582, 41.96037000029368], [-87.69468047863957, 41.96036302807678], [-87.69467021873542, 41.960242416530015], [-87.69466984147138, 41.96015501137409], [-87.69466473511334, 41.96005517608411], [-87.69464452117167, 41.959951305086335], [-87.69463156411705, 41.95989387903247], [-87.69462174203403, 41.959850273789755], [-87.6945975170041, 41.95974308741406], [-87.69458552481417, 41.95964063424704], [-87.69458703396786, 41.95955946893244], [-87.69459680302332, 41.95944075664729], [-87.69459767614558, 41.95939213137044], [-87.694590767424, 41.9593181639317], [-87.69458003394422, 41.959203807890525], [-87.69456537825694, 41.959114045583256], [-87.69454813475478, 41.959040432268644], [-87.69454681348988, 41.95903604021912], [-87.69453311796919, 41.95899051414339], [-87.69451661589127, 41.95889421005991], [-87.69450271450498, 41.958824649320285], [-87.69448367428295, 41.958768973126254], [-87.69447202714515, 41.95870562683928], [-87.69445636730302, 41.95861703893319], [-87.6944442180778, 41.95854584442643], [-87.69443806307153, 41.95850977568124], [-87.69441630144931, 41.95828119910697], [-87.6944161948547, 41.958279503415305], [-87.69440799110613, 41.95814882705536], [-87.69440179438664, 41.958073546331434], [-87.69438994934407, 41.95800794867518], [-87.69436440111794, 41.95794131427859], [-87.69434609352476, 41.95788594399435], [-87.69434258013577, 41.95785121018203], [-87.69434695040182, 41.9577928102721], [-87.69434328639939, 41.95775843236831], [-87.69433744233493, 41.95771778553126], [-87.6943399575775, 41.95767946291426], [-87.69434532630328, 41.957635607659995], [-87.69434703887919, 41.95762161842651], [-87.69434739768204, 41.95761599040179], [-87.69434810211759, 41.95760494860188], [-87.69435109780694, 41.95755798384674], [-87.69437559885517, 41.9574239557677], [-87.6943761128474, 41.957059664697454], [-87.69426710457849, 41.95703024375825], [-87.6942742719408, 41.95699727080187], [-87.69427661054925, 41.956939792608786], [-87.69427449557887, 41.956849770729825], [-87.69436649325039, 41.95681175406338], [-87.69437029922413, 41.95654487825546], [-87.694392037629, 41.956376589492386], [-87.69439325166204, 41.95625504966223], [-87.69439259940327, 41.955880294662755], [-87.69440221931062, 41.95582985581378], [-87.69441021402868, 41.95573261692447], [-87.69441184043166, 41.95568388878588], [-87.69441592801702, 41.95563904368123], [-87.6944301293721, 41.955516538797596], [-87.69446548480707, 41.955370468807935], [-87.69446079882228, 41.95527277652581], [-87.69447313097926, 41.9550539668487], [-87.69444473813547, 41.95502194855716], [-87.69443761620674, 41.9549399393281], [-87.69443969791675, 41.9548861094827], [-87.6944459926241, 41.95482640302634], [-87.69444364639679, 41.95476684057917], [-87.69444263952686, 41.9547093711854], [-87.69444273503473, 41.954659317297], [-87.694448710522, 41.95461316546729], [-87.69445959103035, 41.95457650846202], [-87.69447551455642, 41.954524484489866], [-87.69448370584168, 41.95447732935428], [-87.69448922256089, 41.954429254294375], [-87.69449198361322, 41.954388380902834], [-87.69449016012386, 41.95434273451452], [-87.69449707755858, 41.95429060553931], [-87.69450294624707, 41.954244096361975], [-87.69451201487632, 41.95417902667475], [-87.69453318729832, 41.95405164455365], [-87.69454306451226, 41.95399222255817], [-87.6945511577808, 41.953943531481336], [-87.69455468734367, 41.95392229609971], [-87.69456973753377, 41.95385830248487], [-87.69458438268366, 41.953809097916746], [-87.69460679861062, 41.95375483234368], [-87.69462557073582, 41.953719399231616], [-87.69464716161134, 41.95368148483841], [-87.69479298824028, 41.95347650723436], [-87.69488639042973, 41.95336358093929], [-87.6950726173629, 41.95310707205055], [-87.69539779219703, 41.95271181921898], [-87.69546135864688, 41.95265243089559], [-87.69549659145626, 41.95261412533606], [-87.69552458429608, 41.95256452827326], [-87.69565787003877, 41.952352125638576], [-87.6957532473945, 41.95221774983784], [-87.6957759180193, 41.95218203631303], [-87.69579005075298, 41.95215829502527], [-87.69580727070726, 41.95212356658483], [-87.6958221552936, 41.95209166323896], [-87.69583878736519, 41.95205601441304], [-87.69588280203389, 41.951977499887654], [-87.69591705670511, 41.95190447446839], [-87.69594738169397, 41.95186795269743], [-87.69597106332277, 41.951834055924934], [-87.6959922325225, 41.95178669855617], [-87.6960195877109, 41.951734573148734], [-87.6960477593118, 41.95168909326174], [-87.69607476809361, 41.95163117562758], [-87.69609716338098, 41.951593539557685], [-87.69611828420766, 41.951558366201596], [-87.69615414296888, 41.951486639388754], [-87.69617618653847, 41.95143632308517], [-87.69619874114893, 41.95137898442686], [-87.69621241642665, 41.951345773008846], [-87.69623185062494, 41.951310178638515], [-87.6962498299285, 41.951269252417575], [-87.69627392043002, 41.95122748195509], [-87.69629594146865, 41.951201561557916], [-87.69640239886179, 41.95102477227803], [-87.6964358688398, 41.95099353122029], [-87.69646752225775, 41.950945353218266], [-87.69649790465215, 41.950902986438436], [-87.69653765254336, 41.95085040851178], [-87.69657142426117, 41.95079252798714], [-87.69660035754927, 41.95074430769248], [-87.69662955088238, 41.950684728336576], [-87.69666041095824, 41.95063127753739], [-87.69670355999932, 41.950539805186374], [-87.69674111104975, 41.95048260445041], [-87.69676809282144, 41.95043467542791], [-87.69678764390537, 41.95039093129021], [-87.69680093062678, 41.95034587937755], [-87.69680826411053, 41.95032101327637], [-87.69680902279447, 41.95031917254764], [-87.69682770194616, 41.950273865677914], [-87.69683994714357, 41.95024023461771], [-87.69686355983305, 41.950006256630616], [-87.69685913990416, 41.94996506891841], [-87.69684968273086, 41.94992305745865], [-87.69685041184998, 41.949871936793414], [-87.69684572257515, 41.94982597265413], [-87.69683695000464, 41.94975073255505], [-87.69682815496256, 41.94969253389949], [-87.69681463204358, 41.94965137804324], [-87.69680070717178, 41.949602591041284], [-87.69679079411367, 41.949557009568224], [-87.69678556342829, 41.94951743644145], [-87.69677558881381, 41.949459533103294], [-87.6967547912486, 41.94936260191329], [-87.69675308642299, 41.94932335019657], [-87.69674994719531, 41.949284172852835], [-87.6967330179838, 41.9491974441397], [-87.69671269341455, 41.94910098207698], [-87.69670858617445, 41.94904456569655], [-87.69669809133933, 41.948990967879226], [-87.69668886548773, 41.948942838083916], [-87.69668220669297, 41.94890641287599], [-87.696639870759, 41.94874635505451], [-87.6966161469905, 41.94862210266529], [-87.69660196514442, 41.948517908512166], [-87.69660091377727, 41.94851299822096], [-87.69657484651353, 41.94839127725758], [-87.69653198089222, 41.94821801677201], [-87.69646815494386, 41.9479605572556], [-87.69646617609781, 41.94794885619774], [-87.69640741722006, 41.94782264487262], [-87.6963716878777, 41.94773623137986], [-87.6963534604222, 41.94766922629259], [-87.69633893462604, 41.94761072136367], [-87.69633162241628, 41.947566114741285], [-87.69631992199332, 41.947485973627295], [-87.69632005592105, 41.94745405914825], [-87.6963170619058, 41.94742248433662], [-87.69631060774987, 41.94738400179769], [-87.69630204871164, 41.94734279108067], [-87.696289097468, 41.947288603296535], [-87.69627704667322, 41.94725843239016], [-87.69626670312246, 41.947226624426335], [-87.69625446454897, 41.94717839553887], [-87.69625516943317, 41.947155595021165], [-87.69624187229556, 41.94710661931985], [-87.69623304660004, 41.94706266290081], [-87.69622117853204, 41.947017838891526], [-87.6962180979737, 41.94699496248305], [-87.69621248055795, 41.94694259884929], [-87.69621295076209, 41.9468879918465], [-87.69621566656203, 41.94682936303339], [-87.69620447312153, 41.94669596936766], [-87.6963760971646, 41.94669507312747], [-87.69647866312124, 41.94669426943999], [-87.6970245451204, 41.94668966772577], [-87.6975990131953, 41.946686318841905], [-87.69803141183117, 41.946682579782035], [-87.69835944087211, 41.946679742152824], [-87.69864665704011, 41.94667800974712], [-87.69925589020302, 41.94667559254748], [-87.69948498165697, 41.946674682733736], [-87.6997921928572, 41.9466731401736], [-87.7002804275475, 41.946669411768596], [-87.70047949381407, 41.94666414783825], [-87.70087898559757, 41.94665358334523], [-87.70124795054177, 41.946652184952505], [-87.70170952636153, 41.94664929655701], [-87.70196659864745, 41.94664768693353], [-87.70221030925416, 41.94664988909602], [-87.7023189771259, 41.94665087085387], [-87.70250183701675, 41.94665252252313], [-87.70292584098833, 41.94665354762588], [-87.70342998235395, 41.94665476442193], [-87.7035433918502, 41.94665398702013], [-87.70415033290848, 41.94665125273503], [-87.7045078097289, 41.946649640953865], [-87.70491835780525, 41.94664736081993], [-87.70536891014606, 41.94664582025086], [-87.70566893035364, 41.946644795625375], [-87.70590993457813, 41.946643618139206], [-87.70622001973261, 41.94664136058696], [-87.70659545361522, 41.94664005251386], [-87.7067262465936, 41.94663959654987], [-87.70709784011113, 41.94663627302468], [-87.70721199145494, 41.94663642276681], [-87.70737624995374, 41.946636638401095], [-87.70782191936168, 41.94663093510514], [-87.70793270528671, 41.946629517234264], [-87.70814124623674, 41.94662884181177], [-87.70884299852014, 41.94662305946423], [-87.7095285404118, 41.94660938459288], [-87.70979295564214, 41.94660518264999], [-87.70982898181344, 41.94660461019365], [-87.71034185076887, 41.94659645716599], [-87.71041909848437, 41.946595552761686], [-87.71044627646334, 41.94659523479273], [-87.71050942289136, 41.94659449531504], [-87.7107807306456, 41.94659131859976], [-87.71088432563208, 41.9465905054259], [-87.71094136867863, 41.946590057536675], [-87.71105780495571, 41.94658914340136], [-87.71135479090779, 41.946585568554454], [-87.71149576741828, 41.94658387144403], [-87.71196648525667, 41.9465782031976], [-87.71202301090568, 41.94657758457357], [-87.7121069937159, 41.9465766655355], [-87.71223343996566, 41.94657528159573], [-87.71234234990376, 41.94657408971409], [-87.71271319633655, 41.94656673631754], [-87.71284909756793, 41.946564041402205], [-87.71329395552047, 41.94656027020082], [-87.71353358532448, 41.94655673423341], [-87.71394298479917, 41.946551506754844], [-87.7141937493078, 41.946548303899704], [-87.71421082033315, 41.94654768355687], [-87.7144521456465, 41.94653891226349], [-87.71455289639603, 41.94653571109097], [-87.71460262571377, 41.9465341308646], [-87.71463158529822, 41.946533210917664], [-87.71471243174072, 41.946532253313876], [-87.71485981158263, 41.94653050754014], [-87.71515449764448, 41.94652824196787], [-87.71516618384813, 41.9465281517611], [-87.71555806471895, 41.94652513729916], [-87.7157761585822, 41.946524919547755], [-87.71592808479947, 41.94652476764615], [-87.71609883885398, 41.946522687140764], [-87.71638788378884, 41.946519164703794], [-87.71654032893359, 41.94651730677991], [-87.71672504090438, 41.946515054993256], [-87.71720285637683, 41.94650900328626], [-87.71758805292312, 41.94650391201033], [-87.7175880628502, 41.94650391178914], [-87.71764787188468, 41.946503121397484], [-87.71775519433322, 41.946501702641946], [-87.71795608963168, 41.946499042780026], [-87.71815989255904, 41.94649634408469], [-87.7183745944185, 41.94649350307678], [-87.71845236766109, 41.946492473689545], [-87.71845245001026, 41.94649247275846], [-87.71852094335699, 41.946491566237164], [-87.71876353486739, 41.94648835546212], [-87.71891070214957, 41.9464864071384], [-87.71897689628449, 41.946485530850566], [-87.71917584301015, 41.94648289684639], [-87.71928929098209, 41.94648139471481], [-87.71940705486503, 41.94647981181774], [-87.71976774915436, 41.94647493319259], [-87.72006134545629, 41.94647096150724], [-87.72088161956047, 41.9464598610243], [-87.72164864266718, 41.94645116196882], [-87.72215347498026, 41.9464451238203], [-87.72250636134429, 41.94643942911538], [-87.72308060617421, 41.946430159859375], [-87.7231014540459, 41.94642992764054], [-87.72321240115524, 41.946428692366254], [-87.723638126084, 41.94642283594965], [-87.72382543767964, 41.9464202588834], [-87.7240506527458, 41.94641715983447], [-87.72436167487382, 41.9464128791215], [-87.72458983530593, 41.94640924771451], [-87.72495409489207, 41.94640509699341], [-87.72548174190277, 41.94639908222259], [-87.725624488326, 41.94639785188112], [-87.72598352254005, 41.946393038516604], [-87.72616811209608, 41.94639056342523], [-87.7267105600716, 41.9463832881363], [-87.72679185157422, 41.94638160511759], [-87.72689218501583, 41.946379527565185], [-87.72740107717898, 41.94637316890546], [-87.72739496781486, 41.94617834167957], [-87.72738241130945, 41.94581186747795], [-87.72737718050361, 41.945614174142925], [-87.72737326645866, 41.94546623987135], [-87.72736619629849, 41.94519902577566], [-87.72735275648253, 41.94480164667649], [-87.72734458011263, 41.94455981045511], [-87.72733130627932, 41.944167207400426], [-87.72732763328908, 41.943984479592814], [-87.72732206134535, 41.943707282457304], [-87.72730876952431, 41.943269289867544], [-87.72730574755754, 41.94316869801944], [-87.72730062119543, 41.94299809058415], [-87.7272933112435, 41.94273381114507], [-87.72728473982386, 41.94242388866847], [-87.72726682610353, 41.941794410402586], [-87.72725694024446, 41.94144701959191], [-87.72724665246703, 41.94116781172078], [-87.72723606091448, 41.94088055700196], [-87.72723313835834, 41.940801041519904], [-87.72722644661559, 41.940587807735334], [-87.72721098321149, 41.94013646625071], [-87.72720857122128, 41.94000486814981], [-87.72720434307489, 41.93977419437223], [-87.72719300565083, 41.939349054743936], [-87.7271853626708, 41.939095135277825], [-87.72746686918798, 41.939092516006035], [-87.72779973198561, 41.93908741554921], [-87.72871252206751, 41.9390734238857], [-87.72933158226763, 41.93906567785128], [-87.72964393049261, 41.939061823613585], [-87.72990230318348, 41.93905863491315], [-87.73072764910714, 41.93904894668127], [-87.73141904829251, 41.939040553671674], [-87.7320366924572, 41.939030851224935], [-87.7327657205074, 41.9390193949855], [-87.73299366661237, 41.93901616338732], [-87.73330983717051, 41.939011612798566], [-87.73342048505695, 41.93900989269902], [-87.73383607805307, 41.939005202856634], [-87.73401558121552, 41.93900257110623], [-87.73432053519801, 41.93899809914042], [-87.7345667487835, 41.93899485050119], [-87.73518556306351, 41.9389866830347], [-87.73522203560218, 41.938986201525296], [-87.7352942837111, 41.938985445597645], [-87.73571042470195, 41.938981357473814], [-87.73602626684804, 41.93897643573146], [-87.7366398294206, 41.93896687197114], [-87.73703362685016, 41.93896150075283], [-87.73737123090214, 41.93895689469404], [-87.73781902141071, 41.938952138013754], [-87.73826534347788, 41.9389452891121], [-87.7387921304117, 41.93893720314399], [-87.73905186562246, 41.93893434914827], [-87.73949804303113, 41.93892844749904], [-87.73998694633073, 41.938921978976495], [-87.7403327034032, 41.938917398657445], [-87.74070662129846, 41.93891208614842], [-87.74093372125847, 41.93890885884062], [-87.74130311802396, 41.938903608602395], [-87.74132735004973, 41.93890308865566], [-87.74144336496481, 41.938900599532424], [-87.74175394601826, 41.938896190340614], [-87.74190984111505, 41.93889418777428], [-87.74210828333875, 41.93889163653326], [-87.74215622666465, 41.94070470119195], [-87.74220356324143, 41.940703229776204], [-87.7423993424131, 41.94069659849139], [-87.74289525352239, 41.940694039486814], [-87.74296013120218, 41.94253154174391], [-87.7427195280271, 41.94253273570167], [-87.74246600462263, 41.94253399301558], [-87.7423701385811, 41.94253446833438], [-87.74230412569004, 41.94253740706097], [-87.74224929108046, 41.94253984814176], [-87.74231108940978, 41.94438309579333], [-87.74235316541474, 41.94618503879657], [-87.74237247339045, 41.94708989783044], [-87.74238015393736, 41.94799964524608], [-87.74242241179503, 41.949842261444566], [-87.7424348184589, 41.95040004640266], [-87.74243535480083, 41.950425919164616], [-87.74248816187037, 41.952972721295204], [-87.74249869442717, 41.953474307130115], [-87.74262167029482, 41.95347373438555], [-87.74267784350096, 41.95347373497159], [-87.74273260390193, 41.953473735671864], [-87.743048275876, 41.9540746601974], [-87.74326602584343, 41.95448123722502], [-87.74361317650423, 41.955158097596495], [-87.7442630535875, 41.95649752268519], [-87.74427303072191, 41.95651665603915], [-87.74504792624946, 41.95800263197015], [-87.74648361809261, 41.96073580999165], [-87.74640681859046, 41.96073666327014], [-87.74618311804616, 41.9607384126585], [-87.74589328192397, 41.96074241870697], [-87.74557065447208, 41.96074587196195], [-87.74532869506407, 41.960749242985436], [-87.74509776978697, 41.96075214095067], [-87.74486283713783, 41.96075508871144], [-87.74481630479706, 41.9607550982673], [-87.74456794088388, 41.960755148663544], [-87.74450248073269, 41.96075516201051], [-87.74443938992457, 41.96075600716947], [-87.7444797147446, 41.9607779327921], [-87.74459851364871, 41.96084333206627], [-87.74502149545755, 41.96107601410604], [-87.74565800644628, 41.961428818231546], [-87.74610244802076, 41.961677728361344], [-87.74650566921824, 41.96191133264134], [-87.74662842993982, 41.962056374163836], [-87.74678455600184, 41.9622218248506], [-87.74701334952415, 41.96248197788237], [-87.74717010451099, 41.962635113033784], [-87.74714718880989, 41.962657439285195], [-87.74713044536644, 41.9626737518258], [-87.74701011405391, 41.96279281210612], [-87.74697275279604, 41.96285346071922], [-87.7469630233411, 41.96290003489114], [-87.74698101728082, 41.962992370139425], [-87.74702835609541, 41.963093067023955], [-87.74706180939256, 41.9631699385455], [-87.74709537250402, 41.96323219220796], [-87.74731795018556, 41.9632971918091], [-87.74766405867736, 41.963395005320066], [-87.74790823761113, 41.96348166397995], [-87.74718117144154, 41.963391331823644], [-87.74724576125641, 41.96351113241843], [-87.74727639495158, 41.963567972659426], [-87.74733618270183, 41.963678908487736], [-87.74741488924451, 41.963833123180486], [-87.7474675457552, 41.96395553669805], [-87.74752785605895, 41.96409267076729], [-87.74759541406144, 41.96423977582003], [-87.74761324833005, 41.964295848692814], [-87.74762040085638, 41.96436664600994], [-87.74763560001664, 41.96451709116231], [-87.74764359587306, 41.964715977399386], [-87.74765065131446, 41.964909150875386], [-87.74766088506078, 41.965188892929156], [-87.74766801955437, 41.96538950359941], [-87.7476730400005, 41.96552786480869], [-87.74769583381467, 41.9661988606663], [-87.74769676754296, 41.966226348408995], [-87.74770744178917, 41.9665734193389], [-87.74772453822467, 41.96708349031074], [-87.74772179586124, 41.9680287227664], [-87.74763466695585, 41.96803038118059], [-87.74749002742836, 41.96803313463794], [-87.74721098831839, 41.96803685027501], [-87.74713676595209, 41.968037609065455], [-87.74705221462204, 41.968038473675904], [-87.74702817596183, 41.96803872220474], [-87.74675551604962, 41.96804154094727], [-87.74665379949363, 41.968042118879], [-87.74654355024413, 41.968043004367196], [-87.74651190609214, 41.968043258645], [-87.74622574845475, 41.9680455562616], [-87.74590149239607, 41.96804612037498], [-87.74569040061532, 41.96804874419873], [-87.74548394218372, 41.96805131013062], [-87.74534270379303, 41.96805379317422], [-87.74531222858135, 41.968054328901175], [-87.74506688663696, 41.96805864138438], [-87.74462544321153, 41.96806288232177], [-87.7443007914604, 41.96806651339751], [-87.74407362541389, 41.968069561922285], [-87.74378897993681, 41.96807338124264], [-87.74351680076339, 41.96807703256761], [-87.7432084836423, 41.96807981144251], [-87.74284687910394, 41.968083112340686], [-87.74257585063638, 41.96808558597156], [-87.74222991144957, 41.96808884314374], [-87.74184050490071, 41.96809247493953], [-87.74157425643084, 41.96809497220497], [-87.74145867461193, 41.96809595759346], [-87.74116506772744, 41.968098460498574], [-87.74080948239295, 41.96810224705281], [-87.74049848278483, 41.9681055580364], [-87.74016458796874, 41.96810773672375], [-87.73974642405815, 41.96811446005034], [-87.73943842084384, 41.96811895927307], [-87.73917633332846, 41.96812085368274], [-87.73897598851887, 41.968122301526684], [-87.73857433291273, 41.96812634098418], [-87.73821489309036, 41.96813018624932], [-87.73802631009588, 41.96813217226982], [-87.73790228853503, 41.968133930008435], [-87.73789947805861, 41.9679592057231], [-87.73788783772498, 41.9676336823026], [-87.73787807479064, 41.96733953489816], [-87.73786767090068, 41.967027354980246], [-87.73785135751682, 41.96654023733278], [-87.737763043823, 41.9664801108034], [-87.73752031818384, 41.96631102134075], [-87.73736504976618, 41.96620285622727], [-87.73710608074681, 41.9660248943303], [-87.7369075061142, 41.96588763844739], [-87.7367254992701, 41.96576183318368], [-87.73639298175344, 41.96553395446806], [-87.73586459777908, 41.96517182428277], [-87.73578121975376, 41.96511480667053], [-87.73553127802334, 41.96494388399641], [-87.735212467342, 41.964725650501315], [-87.73499468798177, 41.96457523373748], [-87.73480508402604, 41.9644442766466], [-87.73445661127016, 41.96420579905805], [-87.73421675935887, 41.96404159621162], [-87.73406708007141, 41.96393878530485], [-87.73399026810989, 41.96388596993455], [-87.73382515280724, 41.96377265012994], [-87.73363168431597, 41.96363927329263], [-87.73341426954765, 41.963489386969506], [-87.73308876079044, 41.96326551435109], [-87.73279982487662, 41.9630666397728], [-87.73196732217575, 41.962493063786255], [-87.73134509869203, 41.96206435478418], [-87.73096031465012, 41.96179966072559], [-87.73018366654078, 41.96126567613019], [-87.72969346426378, 41.96092688457267], [-87.72937110224038, 41.96093105630978], [-87.72903796477091, 41.96093374974707], [-87.7286103280226, 41.9609372051917], [-87.72842775825872, 41.960939314444715], [-87.72835002288191, 41.960940212456364], [-87.72825794814598, 41.960941276058776], [-87.72782817027858, 41.960946836110104], [-87.72728139830657, 41.960953907620755], [-87.72684627874453, 41.96095934853174], [-87.72669907802032, 41.96096141163316], [-87.7266044854898, 41.96096273722181], [-87.72600445189528, 41.96097114408871], [-87.72549142397344, 41.96097638724001], [-87.72538054846348, 41.96097765058169], [-87.72459192344299, 41.96098663217797], [-87.72415824625797, 41.960991797224345], [-87.72391179681979, 41.96099473128151], [-87.72388568939635, 41.96099504219625], [-87.72345162959886, 41.96100110703366], [-87.72292928638673, 41.96100864625099], [-87.72238997259527, 41.96101642812662], [-87.72195530933658, 41.96102020640015], [-87.72170327238376, 41.961023693770414], [-87.72111741695772, 41.96103179497466], [-87.72078794731131, 41.96103533391019], [-87.72048980535976, 41.96103878803727], [-87.71991712536315, 41.96104542080431], [-87.71959078068649, 41.9610489732749], [-87.71925693207503, 41.96105387050721], [-87.71886007287358, 41.96105969105225], [-87.71839726044136, 41.96106572009361], [-87.71803973416128, 41.961069358815], [-87.71760944170963, 41.96107373680667], [-87.71720204319641, 41.96107918006006], [-87.71680901661536, 41.961083556906935], [-87.71644219988568, 41.96108764075674], [-87.71606067461634, 41.961094206896334], [-87.71558720005478, 41.961098961750004], [-87.7151655585684, 41.961103194090214], [-87.7147188498222, 41.96110920417519], [-87.71458451986032, 41.96111112323477], [-87.71436381967351, 41.96111359763419], [-87.71398282919223, 41.96111786778692], [-87.71341108450193, 41.96112660950863], [-87.71313604710494, 41.961129311176755], [-87.71263955672002, 41.96113418612008], [-87.7122488254434, 41.9611383572401], [-87.71190882177132, 41.9611437409616], [-87.7115242115432, 41.961149829939735], [-87.71120260650326, 41.96115363121225], [-87.7110626185943, 41.9611550950773], [-87.710689973004, 41.961159115505495], [-87.71023143988714, 41.96116406102277], [-87.70998006488779, 41.961167416477274], [-87.70984007292327, 41.96116929073523], [-87.70958710760951, 41.9611735971658], [-87.70947264884784, 41.961174673096146], [-87.70912644266754, 41.961177926528286], [-87.70885159081539, 41.96118154428702], [-87.70872584609178, 41.96118323947037], [-87.70845800790536, 41.96118573364387], [-87.70824841671914, 41.96118683552352], [-87.70763522084252, 41.961190057741256], [-87.70762974110767, 41.961190086328195], [-87.70743669106693, 41.96119221731528], [-87.70715812015864, 41.9611943206382], [-87.7070240565978, 41.96119467770872], [-87.70665446627267, 41.961195661394434], [-87.70651415971423, 41.96119585591144], [-87.70641046624249, 41.96119683361389], [-87.70620822610775, 41.96119874056299], [-87.70590720775375, 41.96120280382931], [-87.70579971144367, 41.96120359005624], [-87.70548347017804, 41.9612057836195], [-87.70513723883109, 41.96120871945222], [-87.70496309344695, 41.96121020878317], [-87.70458515130656, 41.96121242438418], [-87.70434345226542, 41.96121384081355], [-87.70411283263572, 41.96121526641506], [-87.70392524321092, 41.96121544559402], [-87.70335715041607, 41.96121869299068], [-87.70317554893404, 41.96121973035763], [-87.70281472321503, 41.9612224144254], [-87.70275772967653, 41.96122285194392], [-87.70259799928847, 41.961224077950504], [-87.70242377544697, 41.96122605695574], [-87.7021353770017, 41.96122730759276], [-87.70196331657674, 41.96122805356908], [-87.70161705617251, 41.961230182803945], [-87.70152156647532, 41.96123068010529], [-87.70134290371759, 41.96123161027477], [-87.7011409681597, 41.96123247430856], [-87.70091068034198, 41.96123372159566], [-87.70069381484146, 41.961234895844115], [-87.70031916520827, 41.96123749589045], [-87.70016053747214, 41.961238789073974], [-87.69968752869893, 41.96124181627851], [-87.69943977549754, 41.961243401095835], [-87.69920907952131, 41.96124509084499], [-87.69907225722754, 41.9612461462158], [-87.69896385845414, 41.96124697429328], [-87.69848305327044, 41.961249162299644], [-87.69814151639207, 41.96125071497037], [-87.69775138567515, 41.96125349540366], [-87.69744832539442, 41.961255768890055], [-87.6972420821871, 41.96125721004835], [-87.6967275956383, 41.961260803134394], [-87.69641008813142, 41.9612628291161], [-87.69633360705024, 41.961263299676], [-87.69625017544229, 41.96126391767274], [-87.69616842505826, 41.96126440333829], [-87.69575816043222, 41.96126683913177], [-87.69558251445679, 41.96126778888946], [-87.69520477973563, 41.961269829590165], [-87.69474577254876, 41.961273425776355]]]]}, "properties": {"community": "IRVING PARK", "shape_area": "89611382.3106", "area_num_1": "16", "area_numbe": "16", "shape_len": "49083.2240938"}}, {"type": "Feature", "geometry": {"type": "MultiPolygon", "coordinates": [[[[-87.74133544805805, 41.9138976045996], [-87.74166573451474, 41.913938411991175], [-87.74217585284126, 41.9140003839381], [-87.74272586968914, 41.91406873227028], [-87.74348141860798, 41.91416043139189], [-87.7435644491747, 41.91417080600083], [-87.74399612174682, 41.914223790647576], [-87.74453881296022, 41.91429003534713], [-87.74502417051467, 41.91434843683405], [-87.74563061944836, 41.91442357847133], [-87.74585494697793, 41.914450796616165], [-87.74600890562482, 41.91446908280314], [-87.74600623983416, 41.91439016559195], [-87.7461699076272, 41.91441055775262], [-87.74630064539275, 41.91442700581905], [-87.7466538613091, 41.9144720324364], [-87.74701995557619, 41.914515065825086], [-87.74716865499597, 41.914526115599344], [-87.74735365508039, 41.91453494923047], [-87.74752484395306, 41.914547486248665], [-87.74772398681277, 41.91456668258455], [-87.74804601434366, 41.91460742950693], [-87.74830381472518, 41.91464064497551], [-87.74840465860551, 41.914652913095146], [-87.74845991255353, 41.91465968767702], [-87.74861989132975, 41.91467930206852], [-87.74873962423122, 41.914693975899304], [-87.74908047597991, 41.914735502362575], [-87.74936948381153, 41.91477127570096], [-87.74978694466935, 41.914822451159786], [-87.75024248254383, 41.91487827756793], [-87.75064710243204, 41.9149276698213], [-87.75104667956771, 41.914976005440984], [-87.75151826783699, 41.915034652687226], [-87.75195454866673, 41.91508728801544], [-87.75263395528108, 41.91517133749581], [-87.75273993108054, 41.91518387940787], [-87.75285225366343, 41.915197141560874], [-87.7530179461167, 41.91521684347397], [-87.7533427514301, 41.91525587471121], [-87.75372487913101, 41.91530445617776], [-87.75412078090145, 41.915353448882556], [-87.75452450084279, 41.91540145054448], [-87.75491994114283, 41.91545078147185], [-87.75508739199759, 41.91547083448141], [-87.75527052575147, 41.9154834192824], [-87.75545416140932, 41.91549120418292], [-87.755638293848, 41.91549487493871], [-87.75576275849131, 41.915494471968174], [-87.75588614423077, 41.915492010201476], [-87.75588259712335, 41.915403005923075], [-87.75619515209802, 41.91546954676057], [-87.75707793268265, 41.91566573397399], [-87.75751474298468, 41.91576260132894], [-87.7578040535982, 41.91581687743893], [-87.75789995261712, 41.91583489508526], [-87.75790450711675, 41.915835750784176], [-87.75825612975373, 41.91590181301464], [-87.75857344487002, 41.915961171721385], [-87.75887602107944, 41.916017772504425], [-87.75899755756792, 41.91604049514717], [-87.75900027996424, 41.91604100409811], [-87.75909280550924, 41.91605830272324], [-87.75924740672947, 41.91608720690931], [-87.75959423333963, 41.916129760853515], [-87.75969653889314, 41.91614227800747], [-87.76027137754662, 41.91621238173089], [-87.76082050556545, 41.91628166860521], [-87.76082081352038, 41.916281703071455], [-87.76107881527749, 41.916310741311705], [-87.76146418548839, 41.916357598040484], [-87.76213079017987, 41.9164380981122], [-87.76279004781638, 41.91651855698592], [-87.76289372935015, 41.91653142115786], [-87.76313276121977, 41.9165593646604], [-87.76319974574406, 41.9165672439127], [-87.76350671687516, 41.916598954514235], [-87.76381418832874, 41.91662620657409], [-87.76412262086147, 41.916648660715246], [-87.76461789424013, 41.916680615576574], [-87.76522573644165, 41.91670729380018], [-87.76561421128426, 41.916715389390646], [-87.7657369819159, 41.91671805120491], [-87.76585482949183, 41.916720009085694], [-87.76636017647554, 41.916720903622554], [-87.76639584685736, 41.91672096668297], [-87.76718038064824, 41.91671043002283], [-87.7679883547468, 41.916697945785685], [-87.76862682778108, 41.916688738196065], [-87.7692620794761, 41.91668019783866], [-87.76991478874868, 41.91667105301961], [-87.77026113295612, 41.916665205537676], [-87.77051928218451, 41.916660982388876], [-87.7712229774284, 41.916651051212725], [-87.77239519912658, 41.916633457630915], [-87.77330650986937, 41.916620754397805], [-87.77399504903151, 41.916610732311334], [-87.77492795917597, 41.91659640627394], [-87.77547078075959, 41.91658872616055], [-87.77583697581872, 41.916583329044016], [-87.77654710264684, 41.916573053431904], [-87.7775264051387, 41.91655790186245], [-87.77839775280074, 41.916545650831324], [-87.77872571712382, 41.916540717799634], [-87.77944779271562, 41.916529452869746], [-87.77958513270748, 41.916527371036956], [-87.78027782651432, 41.916516844754305], [-87.78035635417338, 41.91651565132874], [-87.78109725576833, 41.9165048097142], [-87.78175456922648, 41.916493904855436], [-87.78239349500382, 41.91648496618627], [-87.78278346462535, 41.91647922162989], [-87.78325428123753, 41.91647228486749], [-87.78398415994525, 41.91646137154266], [-87.78439251030224, 41.91645474897386], [-87.7848986817021, 41.916448591658465], [-87.78507090490034, 41.91644907134706], [-87.78522633402682, 41.91645141161178], [-87.7852711216931, 41.9164520853239], [-87.78547130110697, 41.91645955788017], [-87.78560856237134, 41.91646673053282], [-87.7858109674168, 41.91648244554286], [-87.78601287776863, 41.91650227473908], [-87.78621383275039, 41.91652655895843], [-87.78643676696355, 41.91655849360757], [-87.78663671449416, 41.91659306207091], [-87.78683570934355, 41.91663174282726], [-87.7870328326785, 41.91667453041233], [-87.78722808087616, 41.91672176757341], [-87.78742191613635, 41.91677311540905], [-87.78761342110452, 41.91682856682227], [-87.78783420128978, 41.91689787926638], [-87.78805310734178, 41.91697164066936], [-87.78816117402044, 41.917009544268936], [-87.78862774064065, 41.917178471006174], [-87.7887298438421, 41.91721565889874], [-87.7888786488228, 41.91726987740814], [-87.78895694290885, 41.91729837729451], [-87.78926582455952, 41.917431564225154], [-87.78941511405804, 41.91751009632965], [-87.7894171705331, 41.91751117796887], [-87.78963585011708, 41.91766623349439], [-87.7897447228719, 41.917771716461516], [-87.78993518185001, 41.91800519151466], [-87.79007672098058, 41.91821236485896], [-87.79019161993453, 41.9185281522838], [-87.7902271639176, 41.91866964872585], [-87.79025526516016, 41.9189846824627], [-87.79026634731935, 41.91930272267359], [-87.79028394503142, 41.91982729724047], [-87.79029853872801, 41.920272961673014], [-87.79031238234526, 41.92069872573617], [-87.79031962789094, 41.920927560962774], [-87.79032939126935, 41.92123873424312], [-87.79032969196969, 41.92124842692265], [-87.79034815307021, 41.921842897143534], [-87.7903605086678, 41.92222749111578], [-87.79038128028772, 41.92286562328133], [-87.79039987693486, 41.92343513929946], [-87.79039965770922, 41.92350850145218], [-87.79039250459464, 41.92363633674377], [-87.79041216960185, 41.92377308092898], [-87.79042767760936, 41.92421943487471], [-87.79044699582353, 41.924812280127355], [-87.79046882622559, 41.925488150170494], [-87.79050299112937, 41.926551358206716], [-87.7905262962836, 41.92732431186261], [-87.79052950924692, 41.92743306742885], [-87.79055733182508, 41.92832335811949], [-87.79058194630176, 41.929104550953284], [-87.79058593162635, 41.92923046129142], [-87.79060638682428, 41.92990632429416], [-87.7906289730227, 41.93065594814514], [-87.79063595803754, 41.930942144327275], [-87.79064311361184, 41.93110126598463], [-87.79065043452499, 41.93137572337604], [-87.79065886281303, 41.931682087634776], [-87.79066683179803, 41.931988449980366], [-87.79068478479427, 41.932580258588466], [-87.79069283617176, 41.932768223515026], [-87.79058551264986, 41.932769667397324], [-87.79059382376066, 41.93303351801647], [-87.79059763206735, 41.93315219611954], [-87.79060255305616, 41.93330869547533], [-87.79060580192288, 41.93341104305275], [-87.79061142289471, 41.93358897784664], [-87.79061480515209, 41.93369722613685], [-87.7906194108284, 41.933843240492166], [-87.7906247905678, 41.93401499989656], [-87.79062782584091, 41.934112159863204], [-87.79063121233175, 41.934219914202416], [-87.79063407317874, 41.93431163977268], [-87.79063757319071, 41.93442334633054], [-87.79064317886595, 41.934594822483], [-87.79064822541842, 41.93474919122535], [-87.79065282560846, 41.934921879679635], [-87.7906575426115, 41.93506778503422], [-87.79066265551616, 41.935219016054546], [-87.79066600442283, 41.935326879963625], [-87.79067216705326, 41.9355320399765], [-87.79067625958963, 41.93567791492135], [-87.79068017701113, 41.93579675841134], [-87.79068364227562, 41.93589957320943], [-87.79068915814494, 41.93607265014727], [-87.79069297488974, 41.93618603241853], [-87.79069676653023, 41.936293706305364], [-87.79070513635664, 41.93642043495096], [-87.79071604947318, 41.93658567325254], [-87.7907191677755, 41.93667740000005], [-87.7907208131517, 41.93672592567926], [-87.79072510108382, 41.936853277995525], [-87.79072954480124, 41.936992431213284], [-87.79073361589707, 41.93711917876915], [-87.79073772282591, 41.93724603653488], [-87.79074097865545, 41.937347560530135], [-87.79074800649857, 41.93755041940741], [-87.79075114976843, 41.93763920993623], [-87.79075484387178, 41.9377670808279], [-87.790757811074, 41.93788098017771], [-87.79075880619126, 41.937919678448935], [-87.79076186644463, 41.93799658608663], [-87.79076619561235, 41.93811024488745], [-87.79076918757413, 41.93823861409459], [-87.79058521034467, 41.938241139726955], [-87.79048746591457, 41.93824317049606], [-87.79036354263326, 41.93824574478103], [-87.7902015773527, 41.93824872597459], [-87.79015952418756, 41.93824949986652], [-87.7898717621901, 41.93825527315714], [-87.78966239143159, 41.93825877891966], [-87.78936069382917, 41.93826382989563], [-87.78910569718947, 41.93826756111472], [-87.7888184465491, 41.93827369093802], [-87.78859735281377, 41.938275605963824], [-87.7884879910069, 41.938277544237934], [-87.78844821788527, 41.93827825038652], [-87.7883751391947, 41.93827954597463], [-87.78817229805624, 41.93828313846289], [-87.788035922225, 41.93828515275788], [-87.78774956823639, 41.93828955530371], [-87.78753276165254, 41.93829299797408], [-87.78727279693733, 41.938297478120894], [-87.787151636728, 41.93829956619822], [-87.78675275603185, 41.93830643886198], [-87.78666328202445, 41.938308105637624], [-87.78650517594566, 41.93831105032008], [-87.7862393258012, 41.93831464828936], [-87.78603068235607, 41.9383174714241], [-87.78553930618513, 41.93832411902099], [-87.78544630757797, 41.93832533307267], [-87.78532129122021, 41.93832696503456], [-87.78502053397236, 41.93833089082144], [-87.78443468932764, 41.93834134621654], [-87.78399229327624, 41.93834798451042], [-87.78350563414531, 41.938354156676084], [-87.78303719975976, 41.938360095797705], [-87.7823774612416, 41.93836829299782], [-87.78197538775403, 41.938374540989244], [-87.78142386892323, 41.93838100179593], [-87.7810728474472, 41.93838517067519], [-87.78070348213191, 41.938389556446865], [-87.78013460720553, 41.9383969157166], [-87.77942057459992, 41.9384059320079], [-87.77925850847045, 41.938407766106934], [-87.77906119124268, 41.93841001542781], [-87.7786443450269, 41.938415819297745], [-87.77833388038701, 41.93842014087597], [-87.77719943306728, 41.93843534306917], [-87.77676645563349, 41.938440736794924], [-87.77621462942231, 41.93844814638324], [-87.7758085596249, 41.93845359762609], [-87.77532489043638, 41.93845981000407], [-87.77500262894358, 41.938463805088006], [-87.77446783089773, 41.93847043288503], [-87.77403201570192, 41.938476653194485], [-87.7737859569447, 41.93847952839552], [-87.77333588858289, 41.938484785825395], [-87.77257336464751, 41.938495065814905], [-87.77218960190727, 41.93850023751695], [-87.77183517318797, 41.93850503602888], [-87.7713570916754, 41.938510925318326], [-87.7705420842519, 41.93852096099182], [-87.77014240190887, 41.93852673963602], [-87.77006884683037, 41.938527802245154], [-87.76989424081417, 41.93853032450049], [-87.76939292572519, 41.938536836925515], [-87.76892961010734, 41.93854378533167], [-87.76847364774854, 41.938550622050975], [-87.76771215560923, 41.93856034738814], [-87.767453080634, 41.93856365367241], [-87.76701763946977, 41.93856899848772], [-87.76649970926825, 41.93857468471633], [-87.76599848481506, 41.93858018551527], [-87.76548154500323, 41.93858707017195], [-87.76526764453922, 41.93858999120642], [-87.7646724065322, 41.93859810389844], [-87.76420560722457, 41.938604133443356], [-87.7640486286226, 41.938606656246556], [-87.76368622823587, 41.93861247980572], [-87.76334712646562, 41.93861710861579], [-87.76282140225717, 41.93862393768536], [-87.76255372475559, 41.93862740970573], [-87.76200360506122, 41.93863315300004], [-87.76189105491181, 41.93863402016514], [-87.76159587244612, 41.93863753115711], [-87.76135757954266, 41.93864036487789], [-87.76108233451153, 41.93864338413517], [-87.76087916887079, 41.938645984690176], [-87.76074286740045, 41.9386477290096], [-87.76027514699581, 41.938653930074736], [-87.75943484539648, 41.9386642499424], [-87.75913673538494, 41.93866802373097], [-87.75859255573434, 41.93867491045667], [-87.75801087558668, 41.93868335861393], [-87.75754201124695, 41.93869000905518], [-87.75709024126034, 41.93869622224807], [-87.75668960427124, 41.938700138352296], [-87.75642437385149, 41.9387027302198], [-87.756037530768, 41.9387069328943], [-87.75574771335985, 41.93871184193128], [-87.75547289605981, 41.938716276886964], [-87.75515007446353, 41.93872101830401], [-87.75493996752552, 41.938722978720754], [-87.7546654545865, 41.93872626070328], [-87.75431599588846, 41.938731350152565], [-87.75424274094796, 41.938732417033044], [-87.7539054164864, 41.93873732878245], [-87.7536796413083, 41.93874047016341], [-87.7533220495129, 41.938745222992615], [-87.753095542218, 41.938748030219756], [-87.75285330266595, 41.93875097727561], [-87.75267516890518, 41.93875328701109], [-87.75248166967303, 41.938755820877006], [-87.75225538458385, 41.938758435475044], [-87.75178990151673, 41.938763970595744], [-87.75168944950407, 41.93876516482979], [-87.75148007261559, 41.93876765389409], [-87.7511565947793, 41.93877174958461], [-87.75080069908911, 41.938775871989044], [-87.75041281882945, 41.938780873714535], [-87.74993322810775, 41.93878731677881], [-87.74991032166132, 41.93878762436795], [-87.74933996992056, 41.93879521211886], [-87.74891036386902, 41.938800925174874], [-87.74826756731154, 41.93880840391905], [-87.74788926980008, 41.9388145211343], [-87.74759288429179, 41.93881811375123], [-87.74750226491307, 41.93881896617506], [-87.74729779228367, 41.93882088866411], [-87.74687318535962, 41.93882554799383], [-87.74663728210919, 41.93882813586946], [-87.74625799123196, 41.93883429257808], [-87.74621163695895, 41.93883497898287], [-87.74600846715676, 41.93883798733547], [-87.74587778625823, 41.93883992195441], [-87.74561561575915, 41.938843879635584], [-87.74532117017202, 41.938848324007665], [-87.74520265859584, 41.938849909919185], [-87.74494152140707, 41.93885340428729], [-87.74471604327425, 41.93885609048644], [-87.74442740653834, 41.93886046684664], [-87.74438766847247, 41.93886106927167], [-87.74418045316938, 41.93886421060732], [-87.74389685063738, 41.93886862820494], [-87.74365305872192, 41.93887242520576], [-87.74347323963362, 41.938874081110576], [-87.74323232096845, 41.938877180676606], [-87.74249967668116, 41.93888660410642], [-87.74237181036904, 41.93888824817675], [-87.74220152558766, 41.938890437712864], [-87.74217497784049, 41.938890779072445], [-87.74213444004627, 41.93784065048967], [-87.74210576054628, 41.93706594630354], [-87.7420988790699, 41.93688013165895], [-87.74209362648456, 41.93673829196133], [-87.74208401406035, 41.93648577396141], [-87.74206263114316, 41.93591589454101], [-87.74203937414894, 41.935250643644444], [-87.7420312634107, 41.93503449427176], [-87.74199449208001, 41.93404192495796], [-87.74197266613069, 41.93342061019891], [-87.74197230384998, 41.93341029608675], [-87.74195726522206, 41.932999270745015], [-87.74192582702436, 41.93212575983872], [-87.74190593324678, 41.93159445113261], [-87.74189857097754, 41.93139634161677], [-87.74188718278032, 41.93108755732614], [-87.74186818664319, 41.930585921515565], [-87.74186797982028, 41.93058046300855], [-87.74185886667522, 41.93032383095635], [-87.74183133903163, 41.929623911525134], [-87.74182911533737, 41.929566271045914], [-87.74181652395994, 41.92923861417161], [-87.74179993204937, 41.92879705126757], [-87.74178637614766, 41.92842565353911], [-87.74177861755814, 41.9282203108285], [-87.74174415843726, 41.9272764619467], [-87.74173431442885, 41.926999587571125], [-87.74170778422864, 41.92629144016745], [-87.74168790555491, 41.92575827120664], [-87.74167149897185, 41.92529681359558], [-87.74164813416643, 41.924643910155304], [-87.74163796417287, 41.924303323954426], [-87.74163796099809, 41.92430323008545], [-87.74162381705229, 41.923845557052296], [-87.74161911093643, 41.9236589255084], [-87.74159248896065, 41.9227621111577], [-87.74158828954629, 41.922620075917884], [-87.74158525885261, 41.92250068604216], [-87.74156133948814, 41.921609717196844], [-87.74156052422435, 41.92158055692419], [-87.74155961318279, 41.921547963126095], [-87.74155417297219, 41.92134143178017], [-87.7415334672924, 41.920645662978224], [-87.74153346417114, 41.92064556334656], [-87.74153211868135, 41.920596602634696], [-87.74150699348883, 41.919736842897386], [-87.74150679700647, 41.91972971456839], [-87.74148151120542, 41.91881196304951], [-87.74148119784357, 41.918800584400365], [-87.7414770816158, 41.91864963018792], [-87.74145725947811, 41.91788924855347], [-87.74145707502485, 41.91788217132686], [-87.74144378168108, 41.917432048514605], [-87.74142999502973, 41.91698482953937], [-87.74141374751888, 41.91635821340964], [-87.74141235146796, 41.91631052517466], [-87.74140426891513, 41.9160837421229], [-87.74140426480612, 41.916083630137045], [-87.74140371917439, 41.91606824480315], [-87.74139776929043, 41.91590053026854], [-87.7413882727357, 41.91563600561245], [-87.74136902232965, 41.9151844800663], [-87.74136991936747, 41.91508740744864], [-87.74136556617967, 41.914912440149166], [-87.7413462173082, 41.91422319481993], [-87.74133544805805, 41.9138976045996]]]]}, "properties": {"community": "BELMONT CRAGIN", "shape_area": "109099414.689", "area_num_1": "19", "area_numbe": "19", "shape_len": "43311.707379"}}, {"type": "Feature", "geometry": {"type": "MultiPolygon", "coordinates": [[[[-87.6879867878517, 41.93610394035656], [-87.68798425424333, 41.935966782345666], [-87.68797966367227, 41.93571489201662], [-87.68797718480928, 41.935656808188], [-87.68797074488198, 41.93550589695463], [-87.68796408374999, 41.93515317230692], [-87.6879571111822, 41.934875088688315], [-87.68795271061262, 41.93459707439744], [-87.68794949145756, 41.9343987309167], [-87.68794819926306, 41.934319114354864], [-87.68794135186388, 41.93398666810604], [-87.6879372520038, 41.933787613016754], [-87.68793277105698, 41.933545541482594], [-87.68792696321414, 41.93327953890648], [-87.68792379971373, 41.93307922040234], [-87.68792045813916, 41.9328676221396], [-87.68791849382731, 41.932690636246086], [-87.68791770926079, 41.93262125818647], [-87.68791721149461, 41.93257723779798], [-87.68788269112054, 41.93217912582332], [-87.68849657387288, 41.93216297176354], [-87.68878975661409, 41.93215795634417], [-87.68886425553904, 41.93215668161518], [-87.68912724519477, 41.932156530682235], [-87.68957851087842, 41.932156270262624], [-87.68973018764844, 41.93215567573729], [-87.68995014930252, 41.932154813283816], [-87.69013681635303, 41.93215382839165], [-87.69034833003528, 41.93215125238237], [-87.69074643914205, 41.932146402109986], [-87.6909566415857, 41.932143928508054], [-87.69118724275742, 41.932141211858145], [-87.69156718273238, 41.932138578461156], [-87.69200246840533, 41.93213555976834], [-87.69237528765272, 41.93213360784902], [-87.69277295923523, 41.93213022120513], [-87.69318905551235, 41.93212667657869], [-87.69359784622897, 41.932129147061744], [-87.69376164017201, 41.93212956559581], [-87.69391008617897, 41.93212554059989], [-87.69399784833038, 41.93212316077659], [-87.69413266711835, 41.932119504999974], [-87.69428326616314, 41.93211542070657], [-87.69474550363232, 41.93211172274065], [-87.69495708966421, 41.93211052173048], [-87.69517521402173, 41.932109283125115], [-87.69517696235485, 41.93210927308389], [-87.69519967964435, 41.93210914413043], [-87.69534294694371, 41.93210833024943], [-87.6955162519593, 41.932107345513465], [-87.6956889858322, 41.93210636393018], [-87.69578056726148, 41.93210584313209], [-87.69588624339563, 41.93210524244515], [-87.69613265308004, 41.932103841269836], [-87.69636185619201, 41.93210253730458], [-87.69644376448088, 41.93210120051792], [-87.696623898415, 41.93209641693823], [-87.69704840936217, 41.93209610090716], [-87.69761766566758, 41.93209567454891], [-87.69791297698123, 41.93209545247461], [-87.69809127281103, 41.93209363993886], [-87.69823097569974, 41.93209225965181], [-87.69843738861536, 41.93209020309044], [-87.69852651814703, 41.9320892963483], [-87.69884620967954, 41.932087684717715], [-87.6991626684519, 41.93208608837002], [-87.6993185037069, 41.932084863369084], [-87.69945875565904, 41.93208373791155], [-87.69961958939103, 41.93208243663943], [-87.69973080607384, 41.93208156853806], [-87.70007314394171, 41.93207930239132], [-87.70036619436728, 41.93207736176566], [-87.70057774582624, 41.93207592078893], [-87.70073394728092, 41.932074860538094], [-87.70089051575648, 41.93207377465412], [-87.70099081524206, 41.93207309217773], [-87.70129869307885, 41.932070778033186], [-87.7015092227584, 41.93206919524858], [-87.70168736444774, 41.93206808977759], [-87.70190417064535, 41.932066668403515], [-87.70191041904194, 41.932066627299356], [-87.70208856072482, 41.93206552120581], [-87.70252169266844, 41.93205918049771], [-87.7027918137967, 41.932055225168305], [-87.70292566079482, 41.93205513686022], [-87.70314035903613, 41.93205504624712], [-87.70325990999929, 41.93205499571295], [-87.70351661505542, 41.932054867341016], [-87.70375219012719, 41.932052176335674], [-87.70415122428405, 41.932047616701624], [-87.70443048316977, 41.93204483820891], [-87.70464240911026, 41.932042706012], [-87.7049808959862, 41.93204084212247], [-87.70542222793198, 41.93203841101176], [-87.70559298194154, 41.93203737159227], [-87.70581217459164, 41.93203620917699], [-87.7062025862581, 41.93203474400933], [-87.70654188719632, 41.93203346942291], [-87.70681647701659, 41.93203085173358], [-87.70706016837242, 41.932027323917545], [-87.70742719623112, 41.9320294292688], [-87.70783571225859, 41.93203177099453], [-87.70802287445271, 41.9320289485305], [-87.7082680368874, 41.93202534383543], [-87.7086439512037, 41.93201994404138], [-87.70907163020937, 41.93201379922682], [-87.70923037429885, 41.9320119728574], [-87.70943223135413, 41.93200969476157], [-87.70986561490756, 41.93200261942901], [-87.71015243904601, 41.931997936163555], [-87.71045376407064, 41.93199353392053], [-87.71064129250911, 41.931990818943376], [-87.71064446049793, 41.93199077300699], [-87.71106913094599, 41.93198460525802], [-87.71127143528872, 41.93198166609223], [-87.71154586807248, 41.931980079319445], [-87.71167520905303, 41.93197850169598], [-87.71225309781728, 41.93198308021713], [-87.7127324453008, 41.931964105804454], [-87.71291231919211, 41.93196244672662], [-87.71316393680718, 41.93196012550599], [-87.71364747371021, 41.931955398424705], [-87.71371006639623, 41.93195478644865], [-87.71414553990948, 41.93194941890729], [-87.71475463705286, 41.931938921592426], [-87.71500084709419, 41.931933358940974], [-87.71545898559765, 41.931929057699215], [-87.71597131487582, 41.93192405480259], [-87.71664228441085, 41.93191749948922], [-87.71719504599346, 41.93191091575848], [-87.71733154840935, 41.93190928951136], [-87.71803493883392, 41.931899586889905], [-87.71841697554702, 41.931894365454276], [-87.71888454143901, 41.931887973159355], [-87.71930335927043, 41.931883353117584], [-87.71963630764019, 41.931880236657385], [-87.7198743683649, 41.93187800801487], [-87.72064994879578, 41.93187084298409], [-87.72085856747543, 41.93186730289246], [-87.72132910036194, 41.93185931685984], [-87.72186064208192, 41.9318536417348], [-87.72208764876856, 41.93185122285047], [-87.72233117138177, 41.9318486274124], [-87.72288684173355, 41.93184466758219], [-87.7232853858233, 41.93183863049959], [-87.72330002460421, 41.93183840860691], [-87.72331401941877, 41.931838196737765], [-87.72393556156274, 41.931828778569944], [-87.72418953419024, 41.931826053533555], [-87.7245383066213, 41.931821185190095], [-87.72534292116379, 41.93180994949567], [-87.72576113719492, 41.931805717360525], [-87.72638236458937, 41.93179942724008], [-87.72664971406058, 41.93179671944832], [-87.72697870530516, 41.93179036101964], [-87.72720838853071, 41.931785921455685], [-87.72725276276387, 41.93178544439331], [-87.72757821054172, 41.931781945605515], [-87.7276709391476, 41.93178094603688], [-87.72769957334376, 41.93178063741871], [-87.72780814348779, 41.93177872267375], [-87.72835002006916, 41.93176916532744], [-87.72898118850335, 41.931759893229575], [-87.72942947883685, 41.93175534828659], [-87.72971264773773, 41.9317524764451], [-87.73004323453087, 41.93174912282237], [-87.73039743591893, 41.93174512524357], [-87.73063226206993, 41.93174247421393], [-87.73146013484016, 41.93173397221702], [-87.73174754393544, 41.932288646848576], [-87.73176739529845, 41.93232717054584], [-87.73214772282233, 41.93306564343007], [-87.7324030956004, 41.933560254507356], [-87.73255739724628, 41.93385983933282], [-87.73293419682251, 41.93458457013747], [-87.73306279821445, 41.934832908687234], [-87.73334436958089, 41.93537670748699], [-87.73334724010884, 41.93538222081221], [-87.73340077979019, 41.93548505602651], [-87.73375681290652, 41.93617262843852], [-87.733896696659, 41.93644332171771], [-87.73417964135349, 41.93698918367208], [-87.73428568647468, 41.93719418155422], [-87.73461105760978, 41.93782190460687], [-87.73498065786667, 41.93853527052781], [-87.73522203560218, 41.938986201525296], [-87.73518556306351, 41.9389866830347], [-87.7345667487835, 41.93899485050119], [-87.73432053519801, 41.93899809914042], [-87.73401558121552, 41.93900257110623], [-87.73383607805307, 41.939005202856634], [-87.73342048505695, 41.93900989269902], [-87.73330983717051, 41.939011612798566], [-87.73299366661237, 41.93901616338732], [-87.7327657205074, 41.9390193949855], [-87.7320366924572, 41.939030851224935], [-87.73141904829251, 41.939040553671674], [-87.73072764910714, 41.93904894668127], [-87.72990230318348, 41.93905863491315], [-87.72964393049261, 41.939061823613585], [-87.72933158226763, 41.93906567785128], [-87.72871252206751, 41.9390734238857], [-87.72779973198561, 41.93908741554921], [-87.72746686918798, 41.939092516006035], [-87.7271853626708, 41.939095135277825], [-87.72719300565083, 41.939349054743936], [-87.72720434307489, 41.93977419437223], [-87.72720857122128, 41.94000486814981], [-87.72721098321149, 41.94013646625071], [-87.72722644661559, 41.940587807735334], [-87.72723313835834, 41.940801041519904], [-87.72723606091448, 41.94088055700196], [-87.72724665246703, 41.94116781172078], [-87.72725694024446, 41.94144701959191], [-87.72726682610353, 41.941794410402586], [-87.72728473982386, 41.94242388866847], [-87.7272933112435, 41.94273381114507], [-87.72730062119543, 41.94299809058415], [-87.72730574755754, 41.94316869801944], [-87.72730876952431, 41.943269289867544], [-87.72732206134535, 41.943707282457304], [-87.72732763328908, 41.943984479592814], [-87.72733130627932, 41.944167207400426], [-87.72734458011263, 41.94455981045511], [-87.72735275648253, 41.94480164667649], [-87.72736619629849, 41.94519902577566], [-87.72737326645866, 41.94546623987135], [-87.72737718050361, 41.945614174142925], [-87.72738241130945, 41.94581186747795], [-87.72739496781486, 41.94617834167957], [-87.72740107717898, 41.94637316890546], [-87.72689218501583, 41.946379527565185], [-87.72679185157422, 41.94638160511759], [-87.7267105600716, 41.9463832881363], [-87.72616811209608, 41.94639056342523], [-87.72598352254005, 41.946393038516604], [-87.725624488326, 41.94639785188112], [-87.72548174190277, 41.94639908222259], [-87.72495409489207, 41.94640509699341], [-87.72458983530593, 41.94640924771451], [-87.72436167487382, 41.9464128791215], [-87.7240506527458, 41.94641715983447], [-87.72382543767964, 41.9464202588834], [-87.723638126084, 41.94642283594965], [-87.72321240115524, 41.946428692366254], [-87.7231014540459, 41.94642992764054], [-87.72308060617421, 41.946430159859375], [-87.72250636134429, 41.94643942911538], [-87.72215347498026, 41.9464451238203], [-87.72164864266718, 41.94645116196882], [-87.72088161956047, 41.9464598610243], [-87.72006134545629, 41.94647096150724], [-87.71976774915436, 41.94647493319259], [-87.71940705486503, 41.94647981181774], [-87.71928929098209, 41.94648139471481], [-87.71917584301015, 41.94648289684639], [-87.71897689628449, 41.946485530850566], [-87.71891070214957, 41.9464864071384], [-87.71876353486739, 41.94648835546212], [-87.71852094335699, 41.946491566237164], [-87.71845245001026, 41.94649247275846], [-87.71845236766109, 41.946492473689545], [-87.7183745944185, 41.94649350307678], [-87.71815989255904, 41.94649634408469], [-87.71795608963168, 41.946499042780026], [-87.71775519433322, 41.946501702641946], [-87.71764787188468, 41.946503121397484], [-87.7175880628502, 41.94650391178914], [-87.71758805292312, 41.94650391201033], [-87.71720285637683, 41.94650900328626], [-87.71672504090438, 41.946515054993256], [-87.71654032893359, 41.94651730677991], [-87.71638788378884, 41.946519164703794], [-87.71609883885398, 41.946522687140764], [-87.71592808479947, 41.94652476764615], [-87.7157761585822, 41.946524919547755], [-87.71555806471895, 41.94652513729916], [-87.71516618384813, 41.9465281517611], [-87.71515449764448, 41.94652824196787], [-87.71485981158263, 41.94653050754014], [-87.71471243174072, 41.946532253313876], [-87.71463158529822, 41.946533210917664], [-87.71460262571377, 41.9465341308646], [-87.71455289639603, 41.94653571109097], [-87.7144521456465, 41.94653891226349], [-87.71421082033315, 41.94654768355687], [-87.7141937493078, 41.946548303899704], [-87.71394298479917, 41.946551506754844], [-87.71353358532448, 41.94655673423341], [-87.71329395552047, 41.94656027020082], [-87.71284909756793, 41.946564041402205], [-87.71271319633655, 41.94656673631754], [-87.71234234990376, 41.94657408971409], [-87.71223343996566, 41.94657528159573], [-87.7121069937159, 41.9465766655355], [-87.71202301090568, 41.94657758457357], [-87.71196648525667, 41.9465782031976], [-87.71149576741828, 41.94658387144403], [-87.71135479090779, 41.946585568554454], [-87.71105780495571, 41.94658914340136], [-87.71094136867863, 41.946590057536675], [-87.71088432563208, 41.9465905054259], [-87.7107807306456, 41.94659131859976], [-87.71050942289136, 41.94659449531504], [-87.71044627646334, 41.94659523479273], [-87.71041909848437, 41.946595552761686], [-87.71034185076887, 41.94659645716599], [-87.70982898181344, 41.94660461019365], [-87.70979295564214, 41.94660518264999], [-87.7095285404118, 41.94660938459288], [-87.70884299852014, 41.94662305946423], [-87.70814124623674, 41.94662884181177], [-87.70793270528671, 41.946629517234264], [-87.70782191936168, 41.94663093510514], [-87.70737624995374, 41.946636638401095], [-87.70721199145494, 41.94663642276681], [-87.70709784011113, 41.94663627302468], [-87.7067262465936, 41.94663959654987], [-87.70659545361522, 41.94664005251386], [-87.70622001973261, 41.94664136058696], [-87.70590993457813, 41.946643618139206], [-87.70566893035364, 41.946644795625375], [-87.70536891014606, 41.94664582025086], [-87.70491835780525, 41.94664736081993], [-87.7045078097289, 41.946649640953865], [-87.70415033290848, 41.94665125273503], [-87.7035433918502, 41.94665398702013], [-87.70342998235395, 41.94665476442193], [-87.70292584098833, 41.94665354762588], [-87.70250183701675, 41.94665252252313], [-87.7023189771259, 41.94665087085387], [-87.70221030925416, 41.94664988909602], [-87.70196659864745, 41.94664768693353], [-87.70170952636153, 41.94664929655701], [-87.70124795054177, 41.946652184952505], [-87.70087898559757, 41.94665358334523], [-87.70047949381407, 41.94666414783825], [-87.7002804275475, 41.946669411768596], [-87.6997921928572, 41.9466731401736], [-87.69948498165697, 41.946674682733736], [-87.69925589020302, 41.94667559254748], [-87.69864665704011, 41.94667800974712], [-87.69835944087211, 41.946679742152824], [-87.69803141183117, 41.946682579782035], [-87.6975990131953, 41.946686318841905], [-87.6970245451204, 41.94668966772577], [-87.69647866312124, 41.94669426943999], [-87.6963760971646, 41.94669507312747], [-87.69620447312153, 41.94669596936766], [-87.69620081383864, 41.94665236103966], [-87.69618841060985, 41.946572655074455], [-87.69600010155374, 41.94577106729687], [-87.69590570574208, 41.94537619942024], [-87.69577757067832, 41.94483656779954], [-87.69577581136254, 41.944829159622785], [-87.69558466957923, 41.94401037640955], [-87.69552785278003, 41.94378067171734], [-87.69548115914526, 41.94357901424126], [-87.69545170047125, 41.94331142663238], [-87.69542825182674, 41.94320424417149], [-87.69539841402676, 41.94311115947165], [-87.69539566057874, 41.94309640772667], [-87.69538113602604, 41.94306104709315], [-87.6953570365604, 41.942999037947516], [-87.69533009365169, 41.94293049987051], [-87.69531028023027, 41.94287611354257], [-87.69529674230299, 41.94282744618181], [-87.69529061469063, 41.94280675036898], [-87.6952903828461, 41.94280596697864], [-87.69527864253615, 41.942766314205144], [-87.69527505748717, 41.942761057492085], [-87.6951092810228, 41.94251795425435], [-87.69506708445277, 41.94244422954369], [-87.69502810154972, 41.94238366748473], [-87.69499528703355, 41.94234221229279], [-87.6949444936339, 41.942242259629055], [-87.6949098229283, 41.942180623817606], [-87.6948784533509, 41.942134319086065], [-87.69484137410335, 41.942074563369765], [-87.69480066890065, 41.942017202387085], [-87.69477448234632, 41.941978280954245], [-87.69472342816739, 41.94190456200691], [-87.69469738695982, 41.941858451239455], [-87.6946710639211, 41.94181848622021], [-87.6946345924007, 41.941764167366046], [-87.6946122743967, 41.941731716052224], [-87.69459139091948, 41.941699163494704], [-87.69453479879786, 41.94162426080559], [-87.6945031028515, 41.94157392015173], [-87.69445825513974, 41.941511843381974], [-87.69435158810602, 41.941386744629476], [-87.69431056598701, 41.94133912340289], [-87.69427044813877, 41.94128193042273], [-87.69423927952437, 41.9412377122348], [-87.69421711155265, 41.94119395577318], [-87.69420699835526, 41.94117623137897], [-87.6941758944248, 41.941121718050454], [-87.6941461651686, 41.94108428606746], [-87.69412129219877, 41.94105744635268], [-87.69408237923537, 41.94102317395898], [-87.69405049658124, 41.94096951163239], [-87.69402289694757, 41.94092495650719], [-87.6939748212027, 41.940843926463394], [-87.69394662807626, 41.9407888851007], [-87.69387038218437, 41.94069469053882], [-87.69386478234311, 41.94066288130341], [-87.69385383864967, 41.9406177877302], [-87.69383242348428, 41.940568629273116], [-87.69379258613408, 41.94051291901096], [-87.69373230492937, 41.94045056415905], [-87.6936946520126, 41.94040060172156], [-87.6936832597878, 41.940382015055214], [-87.69366986140088, 41.94036185245759], [-87.69365605534269, 41.940327390483795], [-87.69364145571036, 41.94028035556653], [-87.6936331077445, 41.94025506224636], [-87.69360421163917, 41.94022627904837], [-87.69352866055891, 41.94013623189322], [-87.69346672501607, 41.94009606813292], [-87.6934221694961, 41.94004173126989], [-87.69337747609572, 41.93998648775411], [-87.69331040154016, 41.939931010242134], [-87.69323814138696, 41.93988313243422], [-87.69319554628623, 41.939856989535755], [-87.69313322387485, 41.939826153780515], [-87.6930595073931, 41.93977695051434], [-87.69300048079121, 41.93972162719376], [-87.6929286289328, 41.93965874059105], [-87.692863618679, 41.93960269776954], [-87.69283890783522, 41.93957445912443], [-87.69279425361397, 41.93952272847121], [-87.69272886457533, 41.93948619485435], [-87.69266159945741, 41.9394571698909], [-87.69256665973872, 41.93942656866433], [-87.69252670300396, 41.9394136896032], [-87.69247171991285, 41.93939510622278], [-87.69243859979503, 41.93938081606851], [-87.6924442296349, 41.93936183005785], [-87.69244896629648, 41.93934031438], [-87.69244347434956, 41.939312457346226], [-87.69243161627635, 41.93929636491732], [-87.6923947765159, 41.93927184549317], [-87.69237183240188, 41.93925440138875], [-87.69235642234598, 41.9392370267822], [-87.69234275891556, 41.939217740971394], [-87.69231549222643, 41.93920252298299], [-87.69226739648072, 41.93919355528001], [-87.69223359305312, 41.9391777793729], [-87.69218832542356, 41.939154337952715], [-87.69212749169617, 41.93911810385119], [-87.6920790880583, 41.9390848480129], [-87.69204967966053, 41.93907063336053], [-87.69201128822546, 41.939057905287314], [-87.69198434063429, 41.93904386901654], [-87.69195394838475, 41.93903247538934], [-87.6919351949979, 41.93902965385171], [-87.69191938358536, 41.939012002522055], [-87.69190251551329, 41.93900076648486], [-87.69186829459748, 41.93899366014374], [-87.69181850335956, 41.93897052261056], [-87.69178120690835, 41.93895856895969], [-87.6917801048799, 41.93895850791753], [-87.69175416984538, 41.938949801035115], [-87.69171028067284, 41.93893921007319], [-87.69166962943069, 41.93892460318833], [-87.6916240193742, 41.938891362769844], [-87.69158594462507, 41.938861731935575], [-87.69155332088476, 41.93883830605054], [-87.69152806956922, 41.93881640324552], [-87.69150904449752, 41.938804030237584], [-87.69148630577754, 41.93879180111953], [-87.69147291415926, 41.938774766983265], [-87.6914717011414, 41.93876378332613], [-87.69145521073555, 41.93874055737164], [-87.69144128916234, 41.93871772996677], [-87.69142791215691, 41.93869924147068], [-87.69141191985514, 41.938692318955496], [-87.6913970296139, 41.93868175278841], [-87.69138971476522, 41.938663572603076], [-87.69138507488734, 41.938653420492905], [-87.69137883163005, 41.93864559200397], [-87.69132019068324, 41.93858508339428], [-87.69126734166332, 41.938518707072454], [-87.6912266562202, 41.93846724497638], [-87.69119812222768, 41.93842087274694], [-87.69111473948657, 41.93832068145545], [-87.69105685596557, 41.938239650185594], [-87.69102039913183, 41.93816236112374], [-87.69099027985959, 41.93809822487345], [-87.6909652445591, 41.9380438590368], [-87.69092618387471, 41.93796606141533], [-87.69089872965368, 41.93791102369075], [-87.6908838889019, 41.93787361899313], [-87.69087243022028, 41.93785445510913], [-87.69086436818723, 41.93782644640173], [-87.69080072417917, 41.93760918166286], [-87.69078107130082, 41.93754209077045], [-87.6907170815298, 41.93739944485984], [-87.69041339022615, 41.936904937756715], [-87.69036736926063, 41.93686524561278], [-87.69032155048066, 41.936831043022195], [-87.69028503498174, 41.93680369818318], [-87.69023223270611, 41.93676953877095], [-87.69019647896876, 41.93673588646461], [-87.6901492568502, 41.936698712186555], [-87.69011465154215, 41.93667513757477], [-87.6900723604787, 41.936648336598196], [-87.69002481747411, 41.9366284764985], [-87.68998633454899, 41.93661772307104], [-87.68993368778523, 41.93660834469812], [-87.68991862749347, 41.93660749192208], [-87.68985690110868, 41.936605581795426], [-87.68981015566098, 41.93660145045674], [-87.68974926519829, 41.93658947367031], [-87.68968774327278, 41.93657823425106], [-87.68958102604907, 41.93656218600268], [-87.68952230720508, 41.936557246474656], [-87.68947589198373, 41.9365495219235], [-87.68944985279903, 41.9365512968547], [-87.68943101322513, 41.93654981909236], [-87.68941144900492, 41.93653634502189], [-87.6893716427156, 41.936532938476056], [-87.68931532522743, 41.93652315504118], [-87.68924836715034, 41.93651517795844], [-87.68915417544368, 41.93650718525676], [-87.6890268850288, 41.9364976071936], [-87.68897701173644, 41.936497519408995], [-87.68891239099786, 41.93649836419351], [-87.68887407359196, 41.93649310003659], [-87.68885870992492, 41.93648222874161], [-87.68882512156357, 41.93648182039092], [-87.6887781159832, 41.93648528866108], [-87.68874853625778, 41.93647367948089], [-87.68870661229504, 41.93646888870589], [-87.68866064295233, 41.93646069981118], [-87.68862602335794, 41.936460505424094], [-87.688599869789, 41.93646269115328], [-87.68856318736049, 41.936455624613984], [-87.68852681820468, 41.93644672119494], [-87.68848742049164, 41.93642830575423], [-87.68846644975356, 41.93641218917221], [-87.68844238474381, 41.93639676870395], [-87.6881497987832, 41.93619537319467], [-87.68808023980927, 41.93616143668535], [-87.68804301838506, 41.936138516610285], [-87.68799728059983, 41.936111036884476], [-87.6879867878517, 41.93610394035656]]]]}, "properties": {"community": "AVONDALE", "shape_area": "55290595.473", "area_num_1": "21", "area_numbe": "21", "shape_len": "34261.9334038"}}, {"type": "Feature", "geometry": {"type": "MultiPolygon", "coordinates": [[[[-87.68284015972066, 41.93222871205545], [-87.68284169129204, 41.93215263142592], [-87.68252724846504, 41.93181309075095], [-87.68214868661674, 41.93140427815998], [-87.6820883488818, 41.93137114249205], [-87.68131335618094, 41.93094550609269], [-87.68129420645683, 41.93093496930207], [-87.68080468425839, 41.930640450083565], [-87.68074218774, 41.93050557311871], [-87.68070270441675, 41.93042038758096], [-87.68054085889783, 41.93007075920216], [-87.68047476885532, 41.92992804061517], [-87.6803997794463, 41.92980028227769], [-87.68032153847588, 41.929638284939976], [-87.68027842387168, 41.92954896225888], [-87.68016031158915, 41.929289647421705], [-87.68001238771183, 41.92898631618448], [-87.67995081490311, 41.92886005483366], [-87.67985109325338, 41.92863104639777], [-87.67983989777332, 41.92860533599378], [-87.6797051841391, 41.92846420218381], [-87.67949568037056, 41.92841383288556], [-87.6782891766457, 41.92812381819311], [-87.67809995768812, 41.928085440440626], [-87.67778988373014, 41.92802254983966], [-87.67720225967395, 41.927844935232876], [-87.67652350995621, 41.92759141256892], [-87.67585841689512, 41.92724024476013], [-87.67583066903835, 41.92722559389943], [-87.6749382758584, 41.926657941875256], [-87.67474610136948, 41.92643134689573], [-87.67466641421792, 41.9263153030909], [-87.6745545690765, 41.92614246138857], [-87.67451286991898, 41.92595232183333], [-87.67450903058784, 41.92573616471389], [-87.67447621178488, 41.92506833077586], [-87.67446482019062, 41.924836518941625], [-87.67442009749806, 41.924629594749035], [-87.67425507052673, 41.92439025680803], [-87.67411970929905, 41.92428198846736], [-87.67376691633756, 41.9239958254301], [-87.67345951039368, 41.923784290368026], [-87.67334528404253, 41.923693486342195], [-87.67297374321247, 41.92339804737316], [-87.6728669231058, 41.923320259334986], [-87.67249347893598, 41.92304830967065], [-87.67216130360721, 41.9228064096906], [-87.67188712628861, 41.92265892012433], [-87.67165006085985, 41.922550748984115], [-87.67111167940439, 41.92241117487444], [-87.67088909415453, 41.92237603871342], [-87.67062687554099, 41.92238397122219], [-87.67043248844035, 41.92237890815528], [-87.67015119925718, 41.922372341227806], [-87.66975772523595, 41.92240813310905], [-87.66950967343399, 41.922413834299185], [-87.66928497830638, 41.92238887982443], [-87.66921444756791, 41.92236629856344], [-87.66916196319715, 41.92234916849559], [-87.66892530415248, 41.92228380839007], [-87.66850256049642, 41.92219817437194], [-87.66836608142725, 41.92217052770424], [-87.6682648435452, 41.92212150578472], [-87.6681427024484, 41.92205436056174], [-87.66809607153468, 41.922029749129436], [-87.66782015990498, 41.92157750424611], [-87.66767813936717, 41.92134341138866], [-87.66755640873784, 41.92117565581377], [-87.66755631165216, 41.92117552215588], [-87.66753515742361, 41.92114636997624], [-87.66733892890241, 41.920879096948724], [-87.66717680925272, 41.92072050072449], [-87.66692390177286, 41.92047304075034], [-87.66682758979142, 41.920380034243365], [-87.66673389659682, 41.920289556568996], [-87.66646258904606, 41.92002755411258], [-87.66635159841145, 41.919860499559064], [-87.66631392521744, 41.91980379081687], [-87.66607058073095, 41.919437490868546], [-87.6660643552944, 41.91942842618553], [-87.66576994958437, 41.91899998768889], [-87.66572184695931, 41.918930004658066], [-87.66542629353519, 41.91858824568923], [-87.66523896856164, 41.918407517433394], [-87.66520700540448, 41.918378439133654], [-87.6650156987603, 41.918204399994586], [-87.6649578475628, 41.91815177037032], [-87.66475210368503, 41.91799190136303], [-87.66467449446479, 41.91789767920047], [-87.66460194311686, 41.91780123617482], [-87.66453455731158, 41.917702710133966], [-87.66447248235369, 41.91760229402928], [-87.66444513191655, 41.917554385150765], [-87.66429737805178, 41.91711941499358], [-87.66425682804874, 41.916958376582876], [-87.6642159904017, 41.916796192134505], [-87.66403936457195, 41.916278999830254], [-87.66393945486654, 41.91601973771366], [-87.66389591368376, 41.91589014428556], [-87.66389591224574, 41.915890141258544], [-87.66379528398228, 41.91571457212701], [-87.66377108193629, 41.9156784541715], [-87.66375105122948, 41.9156650004184], [-87.66370630066015, 41.91563337292563], [-87.66362056000779, 41.91561500575748], [-87.66381368021074, 41.91549769326155], [-87.66389764165564, 41.9154618220396], [-87.66417628110732, 41.91534270013063], [-87.66485404527327, 41.915045125489584], [-87.66512300937399, 41.91492868917063], [-87.66525480583829, 41.914891662822214], [-87.66536014241935, 41.91482578819562], [-87.6654187335024, 41.91480040215167], [-87.66582841873368, 41.91462166509098], [-87.66593637189264, 41.914574954645666], [-87.66602674157845, 41.914540833972474], [-87.66611936481497, 41.91451084266591], [-87.66621424124972, 41.91448498071855], [-87.66639887488456, 41.914439744398244], [-87.6664877379047, 41.914417963914744], [-87.66658166740768, 41.91439484011829], [-87.66681142200228, 41.91433854518048], [-87.66700689443942, 41.914318661061465], [-87.66708818100618, 41.914310993898724], [-87.66723257903215, 41.91429805176604], [-87.66736536372036, 41.914286874418806], [-87.66743699456741, 41.914281244579584], [-87.66759832411056, 41.91427553379815], [-87.66768481978987, 41.91428676683135], [-87.6676855084807, 41.914286856169234], [-87.66780074682038, 41.91430182185922], [-87.66788223393864, 41.914281840293704], [-87.66792950304564, 41.91427024927388], [-87.6688904261376, 41.91425488950605], [-87.66901169252041, 41.91425364769035], [-87.67023144658617, 41.91429234726252], [-87.67084406563671, 41.914282026425475], [-87.67092782431645, 41.91428061502591], [-87.6712337418241, 41.91427546393266], [-87.67144720224759, 41.91427158893398], [-87.67195656246419, 41.91426234088297], [-87.67243555384626, 41.91425467071832], [-87.67266732683854, 41.91425042519629], [-87.67305570333957, 41.91424330980017], [-87.67320537214829, 41.91424097001542], [-87.67361270554308, 41.91423460139551], [-87.67389122635788, 41.91422966533958], [-87.67436580210506, 41.91422125265354], [-87.67448269319692, 41.91421933999558], [-87.67496050983219, 41.914211519460515], [-87.67511159287515, 41.914204937780724], [-87.67522604175636, 41.914199951647944], [-87.67570177199619, 41.914198506008574], [-87.67571867808168, 41.91419797248237], [-87.67632589085122, 41.91417880797468], [-87.67754520616813, 41.91417081001246], [-87.67754656150683, 41.91423028137067], [-87.67755172648222, 41.914456999885836], [-87.67755510272826, 41.9147157176932], [-87.67808085120686, 41.91470611977062], [-87.6784264624873, 41.914699840952785], [-87.67858947453551, 41.914696894898114], [-87.67949085617792, 41.91468047297598], [-87.67974261338418, 41.914675884870256], [-87.68001388420382, 41.91467004445536], [-87.68035855996399, 41.91466262195457], [-87.6805321595262, 41.91465901545798], [-87.68126846301926, 41.9146437156049], [-87.68134793970715, 41.91464206372631], [-87.68192433995742, 41.91463004919258], [-87.68244686307833, 41.91461915474849], [-87.6824414285626, 41.91442033192657], [-87.68243327676679, 41.914106881473174], [-87.68243122893121, 41.91402815491616], [-87.68243036400071, 41.91399489433427], [-87.6824266076866, 41.91385043597223], [-87.68241950808192, 41.913582235852516], [-87.6826534629162, 41.91373259466868], [-87.68273210341005, 41.9137834998046], [-87.68303391772191, 41.913978869532805], [-87.68312066228508, 41.9140360357041], [-87.68315485380468, 41.91405856844292], [-87.68392274343316, 41.91404625586081], [-87.68403834965453, 41.914044400575406], [-87.68429575561, 41.91404026938315], [-87.68468221480676, 41.91403507005848], [-87.68494214348385, 41.91403157213822], [-87.68551714655976, 41.914022688082085], [-87.68603900934752, 41.914015148135896], [-87.68662172307289, 41.91400671364801], [-87.68713642474714, 41.91399882651578], [-87.68731554881292, 41.913994801771985], [-87.68750953402272, 41.913990442662175], [-87.68761821686245, 41.913989956189866], [-87.68790054961214, 41.91398797601659], [-87.68835550394803, 41.91398449508519], [-87.68853709384489, 41.91398248475104], [-87.6886821638085, 41.913980878600846], [-87.6887288266651, 41.91398036202523], [-87.68904541553329, 41.91397700712496], [-87.68952487328981, 41.91397371392999], [-87.68975740725831, 41.913971960943314], [-87.68998001028945, 41.91397028246999], [-87.69037859742946, 41.913967493056774], [-87.69062202856593, 41.913964821840715], [-87.6907759870521, 41.91396321367404], [-87.69087016209333, 41.91396225902022], [-87.69090731328919, 41.91395426135425], [-87.6909277514519, 41.913942218757114], [-87.69094139687469, 41.91392502839715], [-87.6909421518696, 41.91392407762866], [-87.69095942203758, 41.91386798035749], [-87.6909912186287, 41.913861632726736], [-87.69099390433915, 41.91386888812909], [-87.69101320156948, 41.91392101736075], [-87.69101465956679, 41.91392415448841], [-87.69101550329253, 41.9139259698515], [-87.69102122251425, 41.913938186228066], [-87.69103962304189, 41.91394981492397], [-87.69105153258575, 41.91395657746366], [-87.69116039509869, 41.91396015037911], [-87.69129829720563, 41.913958588651724], [-87.69158248294858, 41.91395499068873], [-87.69199720935733, 41.91395116072093], [-87.69220339183684, 41.913949893905006], [-87.69242772221044, 41.91394851506081], [-87.69281359444672, 41.91394594205286], [-87.69318360841292, 41.91394208395329], [-87.69342572872976, 41.91394015771574], [-87.693621734803, 41.9139385981068], [-87.6940123147173, 41.91393555937274], [-87.6940347288967, 41.913935300248575], [-87.6944592020076, 41.91393039024286], [-87.69465011138601, 41.91392846490156], [-87.6948327415975, 41.91392662273388], [-87.69525955324096, 41.91392291761083], [-87.69566931513603, 41.9139195810929], [-87.69587035817645, 41.91391743282994], [-87.6962962816742, 41.913912880010784], [-87.69648187211065, 41.913911355977795], [-87.69664530633193, 41.91391001340505], [-87.69680469807055, 41.91390877579737], [-87.69709389176884, 41.91390654513336], [-87.69709689878243, 41.91400370730011], [-87.6973528980539, 41.914005207797196], [-87.69761311086404, 41.91400347310017], [-87.69764970631695, 41.914003228939194], [-87.69798633461498, 41.91399668178945], [-87.6980641015704, 41.91398840817854], [-87.69812301346151, 41.91397645612513], [-87.69816922928992, 41.913962878657856], [-87.69823925699282, 41.91395166091696], [-87.69846620283991, 41.91394976059215], [-87.69863813218828, 41.913947568629794], [-87.6987710023608, 41.913945874613766], [-87.69902582416043, 41.91394308387287], [-87.69919335738604, 41.91394101415975], [-87.69930060191186, 41.91393968925807], [-87.69954295798678, 41.91393798111431], [-87.6998823089125, 41.91393623129284], [-87.70025254307093, 41.91393231814668], [-87.70035202316055, 41.91393140938757], [-87.70046984493914, 41.91393033269889], [-87.70077415018493, 41.91392811265934], [-87.70094585352135, 41.91392654634599], [-87.70108738960204, 41.91392525494822], [-87.70133346702019, 41.91392246582235], [-87.70163359403254, 41.913919507007826], [-87.70198050822424, 41.91392121958868], [-87.7023282087125, 41.91392244395042], [-87.70232710867808, 41.913881827397155], [-87.70232540321807, 41.913818862886565], [-87.70246499189692, 41.91381651737837], [-87.70333534029892, 41.91380997618082], [-87.70383849939947, 41.91380486686142], [-87.70502785967103, 41.91379249348985], [-87.70516699774254, 41.91378996303248], [-87.70583301146509, 41.91378420393355], [-87.70599100955279, 41.91378266631918], [-87.7066804124941, 41.91377614013222], [-87.70685659943703, 41.91377310948325], [-87.70685459550177, 41.91371601633471], [-87.70702498262713, 41.913664716501216], [-87.7075388036689, 41.913662215523246], [-87.70772726959294, 41.91365963300224], [-87.70806036342182, 41.91365506778701], [-87.70837533855679, 41.91365112939177], [-87.70854809520077, 41.91364917269963], [-87.70869611562847, 41.91364749584287], [-87.70916931273183, 41.91364161701845], [-87.70935962513211, 41.913638050089304], [-87.70954615185185, 41.91363455393666], [-87.70999724299432, 41.91363124068163], [-87.71017982705574, 41.91362974843759], [-87.71028178136868, 41.91362891557709], [-87.71080648104288, 41.913619961209704], [-87.71098247952824, 41.91361864329151], [-87.71111684765938, 41.91361763684751], [-87.71161601952731, 41.91361180608501], [-87.7117983111974, 41.91360954129896], [-87.71195910324049, 41.913607543525885], [-87.71212114777458, 41.91360542908759], [-87.71242759955058, 41.91360140602112], [-87.71260746421473, 41.913599168538994], [-87.71275205445359, 41.913597369666704], [-87.71333577965041, 41.91358995763262], [-87.71341692303793, 41.91358940231888], [-87.71354870282798, 41.913588500075655], [-87.71375484615058, 41.91358527667524], [-87.71408731692381, 41.9135805114138], [-87.7142359110892, 41.913578705646266], [-87.71433284330514, 41.9135775267989], [-87.71489346185538, 41.91356981762706], [-87.7150394061264, 41.913569245722144], [-87.71514712526162, 41.91356882350017], [-87.71584837605589, 41.91355825034348], [-87.7159212048, 41.91355715403661], [-87.71625167995066, 41.913553606681724], [-87.71665595986536, 41.91354916525296], [-87.71665846434865, 41.913638409064916], [-87.71693549435037, 41.913636807606686], [-87.71715134560321, 41.91363659371709], [-87.71742043326655, 41.91364009555067], [-87.71751419205951, 41.91364207317032], [-87.71755129357715, 41.91364285556456], [-87.71788239410196, 41.91364232305606], [-87.71824914995419, 41.913664433351315], [-87.7185627727653, 41.91366920014454], [-87.71887689873438, 41.913669509395916], [-87.71910860628527, 41.91366662805211], [-87.71919060786891, 41.91366535618073], [-87.71968435800282, 41.913659763207825], [-87.72023962137946, 41.91365689776851], [-87.7203480157773, 41.91365576132111], [-87.72079629813179, 41.91365026413803], [-87.72100205921515, 41.913648617341536], [-87.72111480642707, 41.91365418449078], [-87.72122790472605, 41.913659769317434], [-87.72133984442492, 41.91367202869194], [-87.72144920674965, 41.91366733434982], [-87.72153508465647, 41.91366364842326], [-87.72155260514943, 41.91366289627318], [-87.72215029782129, 41.91363723999638], [-87.72223159440101, 41.91363630083882], [-87.7223474437952, 41.913635113814266], [-87.7223475485177, 41.91363511245053], [-87.72261432104511, 41.91422410665583], [-87.72270319820322, 41.91442033145616], [-87.72278003256481, 41.91458996694879], [-87.72284139757791, 41.91472544802939], [-87.72288682021403, 41.914825731597325], [-87.72291684656543, 41.91489202309868], [-87.72294724576918, 41.91495913792216], [-87.72297793470943, 41.91502689203652], [-87.72300885976827, 41.91509516742895], [-87.72312717666487, 41.915356383023166], [-87.72314013753106, 41.9153849968499], [-87.723411510338, 41.9153799474149], [-87.72394669804657, 41.91537441901571], [-87.72405917598269, 41.91537314404456], [-87.72406129970824, 41.9154626779209], [-87.7240696464563, 41.9158098949745], [-87.72407539695223, 41.91605487560481], [-87.72408221820105, 41.916260948703126], [-87.72409096811359, 41.91652306923207], [-87.7240975211944, 41.916721265220666], [-87.724100270193, 41.916804402297], [-87.72410513030302, 41.91687286921036], [-87.72415385412725, 41.91697290795977], [-87.72420035213372, 41.917067473859376], [-87.72421161902447, 41.91709588153567], [-87.72421786549614, 41.917126759829266], [-87.72421973961283, 41.91715764237077], [-87.7242166937736, 41.917195884636705], [-87.72401895958066, 41.91719740249555], [-87.72396129324608, 41.91719784510422], [-87.72393781656717, 41.917198025122026], [-87.72390558945625, 41.91719827257866], [-87.72405778340814, 41.91742961457651], [-87.72432158853933, 41.91794212704759], [-87.72437885832898, 41.918053571851075], [-87.72440862495563, 41.91811101607328], [-87.72469501500771, 41.91866412452482], [-87.72487584300109, 41.919016331460696], [-87.72495225922214, 41.919015346413325], [-87.72560916311177, 41.919006876936145], [-87.72637892686603, 41.91899602009017], [-87.7266149988399, 41.918993622270186], [-87.72662009358456, 41.91918777165134], [-87.726627548814, 41.91944700386027], [-87.72663626272666, 41.91975001262747], [-87.72664080729145, 41.91990799424156], [-87.7266478446627, 41.920152624906756], [-87.72666310373174, 41.92068297303012], [-87.72666739848745, 41.9208249006532], [-87.72667334603159, 41.92102144552375], [-87.72667890513753, 41.921272462109776], [-87.72668881872062, 41.92171935732248], [-87.72669587989591, 41.92188163344855], [-87.72673089156835, 41.9219753966254], [-87.72686885431521, 41.92224467562728], [-87.727075093917, 41.9226450678613], [-87.72692963820252, 41.92264359587849], [-87.7268325154976, 41.922646273079074], [-87.72678427243864, 41.92264760303904], [-87.72678015569667, 41.92264758129243], [-87.7267534817516, 41.92264744038424], [-87.72675339136258, 41.92264743990675], [-87.72657913347312, 41.92264651921675], [-87.72644167525053, 41.92265347633657], [-87.72645599999626, 41.92268310766484], [-87.72659347359092, 41.92296747763643], [-87.72663686459802, 41.92304943003533], [-87.72668861014871, 41.92314174485546], [-87.72673805447401, 41.923310172387886], [-87.7267514858687, 41.92385126793064], [-87.72676045964702, 41.924277192073575], [-87.7267685840213, 41.924483954654114], [-87.72713034984258, 41.924478815514334], [-87.72766958698857, 41.92447337412289], [-87.72770215878928, 41.924473045380445], [-87.72786322617699, 41.92478129580141], [-87.72830257190382, 41.925632607060955], [-87.728639086984, 41.92628407527212], [-87.72873968514823, 41.926478416045676], [-87.72900808993356, 41.92699814513279], [-87.72938839341296, 41.92773251129054], [-87.72956626850242, 41.92808100905131], [-87.72970644612322, 41.92834683227597], [-87.73004392717492, 41.9289962435583], [-87.7303376234981, 41.929564125895176], [-87.73051667528772, 41.92991073639693], [-87.73051672798343, 41.929910838209935], [-87.73091825181729, 41.93068818944736], [-87.73098862045892, 41.930823675206604], [-87.73098863959211, 41.93082371180516], [-87.73135547253635, 41.93152987204953], [-87.73138615057003, 41.93158937674305], [-87.73146013484016, 41.93173397221702], [-87.73063226206993, 41.93174247421393], [-87.73039743591893, 41.93174512524357], [-87.73004323453087, 41.93174912282237], [-87.72971264773773, 41.9317524764451], [-87.72942947883685, 41.93175534828659], [-87.72898118850335, 41.931759893229575], [-87.72835002006916, 41.93176916532744], [-87.72780814348779, 41.93177872267375], [-87.72769957334376, 41.93178063741871], [-87.7276709391476, 41.93178094603688], [-87.72757821054172, 41.931781945605515], [-87.72725276276387, 41.93178544439331], [-87.72720838853071, 41.931785921455685], [-87.72697870530516, 41.93179036101964], [-87.72664971406058, 41.93179671944832], [-87.72638236458937, 41.93179942724008], [-87.72576113719492, 41.931805717360525], [-87.72534292116379, 41.93180994949567], [-87.7245383066213, 41.931821185190095], [-87.72418953419024, 41.931826053533555], [-87.72393556156274, 41.931828778569944], [-87.72331401941877, 41.931838196737765], [-87.72330002460421, 41.93183840860691], [-87.7232853858233, 41.93183863049959], [-87.72288684173355, 41.93184466758219], [-87.72233117138177, 41.9318486274124], [-87.72208764876856, 41.93185122285047], [-87.72186064208192, 41.9318536417348], [-87.72132910036194, 41.93185931685984], [-87.72085856747543, 41.93186730289246], [-87.72064994879578, 41.93187084298409], [-87.7198743683649, 41.93187800801487], [-87.71963630764019, 41.931880236657385], [-87.71930335927043, 41.931883353117584], [-87.71888454143901, 41.931887973159355], [-87.71841697554702, 41.931894365454276], [-87.71803493883392, 41.931899586889905], [-87.71733154840935, 41.93190928951136], [-87.71719504599346, 41.93191091575848], [-87.71664228441085, 41.93191749948922], [-87.71597131487582, 41.93192405480259], [-87.71545898559765, 41.931929057699215], [-87.71500084709419, 41.931933358940974], [-87.71475463705286, 41.931938921592426], [-87.71414553990948, 41.93194941890729], [-87.71371006639623, 41.93195478644865], [-87.71364747371021, 41.931955398424705], [-87.71316393680718, 41.93196012550599], [-87.71291231919211, 41.93196244672662], [-87.7127324453008, 41.931964105804454], [-87.71225309781728, 41.93198308021713], [-87.71167520905303, 41.93197850169598], [-87.71154586807248, 41.931980079319445], [-87.71127143528872, 41.93198166609223], [-87.71106913094599, 41.93198460525802], [-87.71064446049793, 41.93199077300699], [-87.71064129250911, 41.931990818943376], [-87.71045376407064, 41.93199353392053], [-87.71015243904601, 41.931997936163555], [-87.70986561490756, 41.93200261942901], [-87.70943223135413, 41.93200969476157], [-87.70923037429885, 41.9320119728574], [-87.70907163020937, 41.93201379922682], [-87.7086439512037, 41.93201994404138], [-87.7082680368874, 41.93202534383543], [-87.70802287445271, 41.9320289485305], [-87.70783571225859, 41.93203177099453], [-87.70742719623112, 41.9320294292688], [-87.70706016837242, 41.932027323917545], [-87.70681647701659, 41.93203085173358], [-87.70654188719632, 41.93203346942291], [-87.7062025862581, 41.93203474400933], [-87.70581217459164, 41.93203620917699], [-87.70559298194154, 41.93203737159227], [-87.70542222793198, 41.93203841101176], [-87.7049808959862, 41.93204084212247], [-87.70464240911026, 41.932042706012], [-87.70443048316977, 41.93204483820891], [-87.70415122428405, 41.932047616701624], [-87.70375219012719, 41.932052176335674], [-87.70351661505542, 41.932054867341016], [-87.70325990999929, 41.93205499571295], [-87.70314035903613, 41.93205504624712], [-87.70292566079482, 41.93205513686022], [-87.7027918137967, 41.932055225168305], [-87.70252169266844, 41.93205918049771], [-87.70208856072482, 41.93206552120581], [-87.70191041904194, 41.932066627299356], [-87.70190417064535, 41.932066668403515], [-87.70168736444774, 41.93206808977759], [-87.7015092227584, 41.93206919524858], [-87.70129869307885, 41.932070778033186], [-87.70099081524206, 41.93207309217773], [-87.70089051575648, 41.93207377465412], [-87.70073394728092, 41.932074860538094], [-87.70057774582624, 41.93207592078893], [-87.70036619436728, 41.93207736176566], [-87.70007314394171, 41.93207930239132], [-87.69973080607384, 41.93208156853806], [-87.69961958939103, 41.93208243663943], [-87.69945875565904, 41.93208373791155], [-87.6993185037069, 41.932084863369084], [-87.6991626684519, 41.93208608837002], [-87.69884620967954, 41.932087684717715], [-87.69852651814703, 41.9320892963483], [-87.69843738861536, 41.93209020309044], [-87.69823097569974, 41.93209225965181], [-87.69809127281103, 41.93209363993886], [-87.69791297698123, 41.93209545247461], [-87.69761766566758, 41.93209567454891], [-87.69704840936217, 41.93209610090716], [-87.696623898415, 41.93209641693823], [-87.69644376448088, 41.93210120051792], [-87.69636185619201, 41.93210253730458], [-87.69613265308004, 41.932103841269836], [-87.69588624339563, 41.93210524244515], [-87.69578056726148, 41.93210584313209], [-87.6956889858322, 41.93210636393018], [-87.6955162519593, 41.932107345513465], [-87.69534294694371, 41.93210833024943], [-87.69519967964435, 41.93210914413043], [-87.69517696235485, 41.93210927308389], [-87.69517521402173, 41.932109283125115], [-87.69495708966421, 41.93211052173048], [-87.69474550363232, 41.93211172274065], [-87.69428326616314, 41.93211542070657], [-87.69413266711835, 41.932119504999974], [-87.69399784833038, 41.93212316077659], [-87.69391008617897, 41.93212554059989], [-87.69376164017201, 41.93212956559581], [-87.69359784622897, 41.932129147061744], [-87.69318905551235, 41.93212667657869], [-87.69277295923523, 41.93213022120513], [-87.69237528765272, 41.93213360784902], [-87.69200246840533, 41.93213555976834], [-87.69156718273238, 41.932138578461156], [-87.69118724275742, 41.932141211858145], [-87.6909566415857, 41.932143928508054], [-87.69074643914205, 41.932146402109986], [-87.69034833003528, 41.93215125238237], [-87.69013681635303, 41.93215382839165], [-87.68995014930252, 41.932154813283816], [-87.68973018764844, 41.93215567573729], [-87.68957851087842, 41.932156270262624], [-87.68912724519477, 41.932156530682235], [-87.68886425553904, 41.93215668161518], [-87.68878975661409, 41.93215795634417], [-87.68849657387288, 41.93216297176354], [-87.68788269112054, 41.93217912582332], [-87.68791721149461, 41.93257723779798], [-87.68791770926079, 41.93262125818647], [-87.68791849382731, 41.932690636246086], [-87.68792045813916, 41.9328676221396], [-87.68792379971373, 41.93307922040234], [-87.68792696321414, 41.93327953890648], [-87.68793277105698, 41.933545541482594], [-87.6879372520038, 41.933787613016754], [-87.68794135186388, 41.93398666810604], [-87.68794819926306, 41.934319114354864], [-87.68794949145756, 41.9343987309167], [-87.68795271061262, 41.93459707439744], [-87.6879571111822, 41.934875088688315], [-87.68796408374999, 41.93515317230692], [-87.68797074488198, 41.93550589695463], [-87.68797718480928, 41.935656808188], [-87.68797966367227, 41.93571489201662], [-87.68798425424333, 41.935966782345666], [-87.6879867878517, 41.93610394035656], [-87.68795530085642, 41.93608264522933], [-87.6879213614818, 41.93606239447932], [-87.6878943628003, 41.93604270358925], [-87.6878700064006, 41.936037983820654], [-87.68782492114627, 41.936011413286856], [-87.68778851223642, 41.93598093984038], [-87.68767309097153, 41.93589881494534], [-87.68747039717198, 41.93570225902417], [-87.68740070063919, 41.9356161553477], [-87.68722685246414, 41.93546398025783], [-87.68714399705526, 41.93538168132908], [-87.68709989901488, 41.935337525612184], [-87.68706441606186, 41.93530277616139], [-87.68702797781471, 41.93527164369303], [-87.68701415617103, 41.935246428831576], [-87.68700385149775, 41.9352223314543], [-87.68696522024068, 41.935179084608755], [-87.68692443156941, 41.935134755358], [-87.68688426072985, 41.93505472726275], [-87.68685318800772, 41.93499453620971], [-87.68682714410414, 41.93496044355872], [-87.68681792293175, 41.9349382457768], [-87.68681555732685, 41.93492138294245], [-87.68682507053802, 41.93490738610019], [-87.68660220337752, 41.934667383783825], [-87.68629348956833, 41.934354175431665], [-87.68596769201758, 41.934033487962076], [-87.68588382828149, 41.934007658489776], [-87.6857996449692, 41.93396256272302], [-87.68566981687013, 41.93390285715512], [-87.68549344248423, 41.933797801269584], [-87.68548163478167, 41.93379752196894], [-87.68530326086128, 41.93379329776918], [-87.68525762305754, 41.93378530147799], [-87.6852079718583, 41.93375985671062], [-87.6851584045912, 41.93372971977763], [-87.68510354464685, 41.93370696233903], [-87.68505850358741, 41.93369081900134], [-87.68500147559561, 41.93367888922028], [-87.68493402923217, 41.933672333585584], [-87.68487484102366, 41.93367048972692], [-87.68481093719794, 41.93366977232448], [-87.68473977425805, 41.93367093456105], [-87.68468990097293, 41.933671064454764], [-87.68465564623877, 41.93367128256678], [-87.68462606921675, 41.93366686192147], [-87.68458828886227, 41.933652323627236], [-87.68455417389085, 41.93363508925307], [-87.68447579248804, 41.93362690762869], [-87.68444775197038, 41.933626776605294], [-87.6844047154547, 41.93361956305799], [-87.68436480237789, 41.933612394590966], [-87.68430609794378, 41.933613626975514], [-87.68426865134509, 41.93361692789925], [-87.68420392311211, 41.93359603519982], [-87.68408945946676, 41.93356168925684], [-87.6839830728077, 41.93354991838492], [-87.68389135755532, 41.93352654056823], [-87.68353065327442, 41.93344206308523], [-87.683480406092, 41.93342473709191], [-87.6834334374987, 41.93339579413706], [-87.68341335632978, 41.93337553788808], [-87.68340676382921, 41.93335881570738], [-87.68340740034053, 41.93334679962202], [-87.68341163185472, 41.933339057428725], [-87.68338047295687, 41.933287756212195], [-87.68305815230711, 41.93275695511224], [-87.68284108069018, 41.93232839535805], [-87.68283853600116, 41.93231125699901], [-87.6828401327482, 41.93223006452947], [-87.68284015972066, 41.93222871205545]]]]}, "properties": {"community": "LOGAN SQUARE", "shape_area": "100057566.7", "area_num_1": "22", "area_numbe": "22", "shape_len": "49213.4217488"}}, {"type": "Feature", "geometry": {"type": "MultiPolygon", "coordinates": [[[[-87.69157000948773, 41.888195634180995], [-87.69500630481673, 41.888156369675414], [-87.69520212162914, 41.88815412892224], [-87.69540013131697, 41.88818507270279], [-87.69560781293418, 41.888212982854384], [-87.69579902942104, 41.888234626676095], [-87.69594580432191, 41.88824744748702], [-87.69616692030253, 41.88826308154927], [-87.6963885404688, 41.88827425886155], [-87.6965253014034, 41.88827844708016], [-87.69666712656907, 41.8882812919142], [-87.69705919482168, 41.888279005780625], [-87.69713815772668, 41.88827875692504], [-87.69760877366441, 41.888271758858544], [-87.69859405096076, 41.88826040023992], [-87.69894574047862, 41.88825616932016], [-87.70012660748263, 41.88824210453235], [-87.70035341632197, 41.888239238555485], [-87.70057884764452, 41.88823636454047], [-87.7012014238564, 41.88822847324953], [-87.70141195323204, 41.888226205746015], [-87.70141034635363, 41.88816395032567], [-87.70141047232084, 41.88816395047], [-87.70177773218958, 41.88816406714614], [-87.70386833267622, 41.88816422578379], [-87.70387106699972, 41.88830659813614], [-87.70422918926012, 41.8883016999587], [-87.70484717281454, 41.88829410677203], [-87.70508132683979, 41.88829127165521], [-87.7054651529017, 41.88828685354516], [-87.70602023654891, 41.88827993921637], [-87.70624061802889, 41.88827702622589], [-87.70633798743934, 41.888275498884084], [-87.7064564101385, 41.888274087759946], [-87.70653354286337, 41.88827313694063], [-87.7068586049579, 41.8882690792012], [-87.70723417732745, 41.888263581059256], [-87.70748167663658, 41.88825738322651], [-87.70756158108391, 41.8882547313953], [-87.70770853260106, 41.8882497005513], [-87.70788030565365, 41.88824137440564], [-87.70805069891752, 41.88823338352058], [-87.7082160452481, 41.888225022153655], [-87.70841719448028, 41.888217198140595], [-87.70863439281457, 41.88821117623349], [-87.70883686935292, 41.88820850416284], [-87.70937588222979, 41.888201828971624], [-87.70957376753718, 41.88819913038101], [-87.70967477348142, 41.88819796436446], [-87.71082717461994, 41.88818397768833], [-87.7110907133208, 41.88818060408759], [-87.71122066413056, 41.888178299358685], [-87.71135149773647, 41.88817721414096], [-87.7117022447874, 41.88817279250166], [-87.71180832815774, 41.88817145505621], [-87.71198487311716, 41.88816913955517], [-87.71288222814898, 41.888157366441746], [-87.71355346870159, 41.88814898503168], [-87.71356390046702, 41.8881489222314], [-87.71365789030197, 41.888148355626335], [-87.71373847170322, 41.88814671797069], [-87.71375823907132, 41.888146316387925], [-87.71399226042637, 41.888143512602525], [-87.71411360025449, 41.888142058819376], [-87.71488079688213, 41.88813247159095], [-87.71510576957823, 41.88812956658487], [-87.71542348486565, 41.888125445045645], [-87.71599785350398, 41.8881178999108], [-87.71609105586617, 41.888116686299696], [-87.71657147878618, 41.88811114648553], [-87.71688304820375, 41.888106532903855], [-87.71723288472926, 41.88810189299413], [-87.71723290309372, 41.88810189281823], [-87.71736696706283, 41.88810021050117], [-87.71854049163677, 41.888085231715614], [-87.7190246151372, 41.88807898382855], [-87.71976176564961, 41.88806946615371], [-87.71986001851317, 41.88806827591885], [-87.71987249723588, 41.88806826244871], [-87.72098330194048, 41.88806705594192], [-87.72117495368116, 41.88805128075567], [-87.72220659595081, 41.888039280876676], [-87.72256976259821, 41.888034695369555], [-87.72306653500958, 41.888028417580806], [-87.72343061965702, 41.88802383422926], [-87.72421342574974, 41.888013924787344], [-87.72464970768698, 41.8880447096178], [-87.72464525430092, 41.887836809456566], [-87.72587007906354, 41.88783403262957], [-87.72587189698227, 41.88789725785215], [-87.72587356206539, 41.887993556455434], [-87.72587356201859, 41.887993561394836], [-87.72632125447153, 41.88798803843766], [-87.72680653325334, 41.88798339886707], [-87.72697457667583, 41.887980856249904], [-87.727220049614, 41.88799450094604], [-87.72732511231784, 41.88800122997004], [-87.72749260274193, 41.88800863156509], [-87.72766013459658, 41.888011573461675], [-87.72782690033864, 41.88800230741632], [-87.72815608073844, 41.88798401676342], [-87.72832114432798, 41.88797484476243], [-87.72839602309756, 41.88797068405732], [-87.72845982736698, 41.887967138684495], [-87.72861871261811, 41.887958309674474], [-87.7299304156659, 41.88794291237627], [-87.73078944115842, 41.88793130037875], [-87.73122882453214, 41.88792537248203], [-87.73246063629965, 41.88791124225325], [-87.73345830676473, 41.88789896379675], [-87.733788413814, 41.887894856170334], [-87.73490958878571, 41.88788080806523], [-87.73570985197792, 41.88786919605947], [-87.73678511464577, 41.88785557703694], [-87.7379627257034, 41.88784453706839], [-87.73816949684404, 41.88787450852698], [-87.73851549234325, 41.88783916851185], [-87.73931983240809, 41.88783338398476], [-87.74029588319576, 41.887825393410125], [-87.74059567510007, 41.887823168116924], [-87.74060043106633, 41.88795423040557], [-87.74061738717762, 41.88845411340216], [-87.74062672562043, 41.88873510373842], [-87.74065720045617, 41.88960998947834], [-87.74066329227377, 41.8897952571827], [-87.74068470773088, 41.890408706425504], [-87.74069045475292, 41.890581623497354], [-87.74069219241031, 41.8906420061204], [-87.74069436023836, 41.890705477689046], [-87.74070578982443, 41.8909092968274], [-87.74073534184619, 41.891337894754045], [-87.7407488685587, 41.89146385675964], [-87.74058130991017, 41.89146264841416], [-87.74065397799595, 41.89199472131807], [-87.7407151082648, 41.89248385495653], [-87.74072931580997, 41.89258580859567], [-87.7407620622329, 41.892817865887075], [-87.740819021665, 41.893261698139824], [-87.74086994307282, 41.893663306167056], [-87.74091670321187, 41.89401858412604], [-87.74096118740529, 41.8943717918479], [-87.74102804835348, 41.89488702499057], [-87.74104225444813, 41.89498932184721], [-87.74107090755813, 41.895092200073485], [-87.74106517234321, 41.89519217096371], [-87.74108330092868, 41.89531712749131], [-87.74111219724047, 41.89551897832936], [-87.74113485681198, 41.895650475509804], [-87.74115200407276, 41.89578228756175], [-87.74116317635215, 41.895914754857586], [-87.74116838105265, 41.89604719137662], [-87.7411650338758, 41.896111320773585], [-87.74115527189298, 41.89617404496907], [-87.74114046326379, 41.896236400107696], [-87.74109776440562, 41.896435137717035], [-87.74102097049628, 41.89650954967426], [-87.74102746609049, 41.89658982480823], [-87.741036463271, 41.89665473136859], [-87.74107438361506, 41.89692829458454], [-87.7410837330762, 41.89735747329674], [-87.74109153543239, 41.89765594950834], [-87.74109610622308, 41.897856989300166], [-87.74109770420273, 41.89793246389895], [-87.7411047802779, 41.89801139732469], [-87.74110809255846, 41.89834861329733], [-87.74111698723058, 41.898677967798676], [-87.7411192818028, 41.89877744079679], [-87.74121249649663, 41.898776086682595], [-87.74122124802571, 41.89887300350577], [-87.74123230437836, 41.898968422329595], [-87.74124887342975, 41.89906352791669], [-87.74126963731158, 41.8991517937032], [-87.74129402821302, 41.899245223360936], [-87.74131244381451, 41.899339308541194], [-87.74132534601976, 41.89943370859802], [-87.74133073771279, 41.89949616758939], [-87.74134167935512, 41.89985263220933], [-87.74134479721212, 41.90006189632301], [-87.7413395727687, 41.90062752613633], [-87.74116367850073, 41.900631421637954], [-87.74117695781979, 41.9011820532129], [-87.74120127198081, 41.90217833748226], [-87.74120719742608, 41.90243152409123], [-87.74120720062709, 41.90243165473352], [-87.74123055316109, 41.90343226258588], [-87.74127187807177, 41.905122240296414], [-87.74129396484426, 41.906027924839485], [-87.7413401501335, 41.907921714104546], [-87.74135437728113, 41.90856874142377], [-87.74141068668526, 41.90865726520375], [-87.74136701600075, 41.909039785808176], [-87.7413726522368, 41.90922505078333], [-87.74137991260318, 41.90943330737332], [-87.7413803611258, 41.90968350905831], [-87.74137698654252, 41.90984938646338], [-87.74137006582521, 41.91000199915825], [-87.74134734480043, 41.91032398637492], [-87.7413238466332, 41.910630533514095], [-87.74132555278482, 41.91074408531212], [-87.74133056179741, 41.910897788298605], [-87.74133954282293, 41.911019266723564], [-87.74134272134721, 41.91107279596594], [-87.74133105685203, 41.91124184930414], [-87.74130814459198, 41.91153467796367], [-87.74129119839131, 41.91182788094236], [-87.74128885788657, 41.91188241081095], [-87.74128477194124, 41.912052506486766], [-87.7412869885517, 41.91216162263899], [-87.74130062030308, 41.91283275534098], [-87.74132408768924, 41.91348694006611], [-87.74133439799202, 41.91376278870975], [-87.74133544805805, 41.9138976045996], [-87.74102707259186, 41.913821577275094], [-87.74061374953973, 41.91377142042107], [-87.74025777068195, 41.91372807555387], [-87.73995821303933, 41.913691881740775], [-87.73995632962985, 41.913691655213704], [-87.73940726572738, 41.91362557296758], [-87.73909484499954, 41.913589996976725], [-87.73878192720018, 41.91355853363822], [-87.73872047161179, 41.913553347970165], [-87.73871263446682, 41.913552686640934], [-87.73870839102732, 41.913552325479365], [-87.73846804666773, 41.913531866868446], [-87.73831200707427, 41.91352042421523], [-87.73801275287612, 41.913501378909004], [-87.73771299352094, 41.913487132337], [-87.7373498394866, 41.91347495716915], [-87.73703715250852, 41.91346818865115], [-87.73672396804702, 41.913465532772754], [-87.73641119810974, 41.91346768005482], [-87.73633449448252, 41.913468653955505], [-87.73622340823313, 41.913470077447265], [-87.73609933062234, 41.91347154714787], [-87.73550820081222, 41.91347944800073], [-87.73499975203123, 41.91348689851399], [-87.73499009467893, 41.9134870400136], [-87.73498933224894, 41.91348704784092], [-87.73491808059244, 41.913487769567055], [-87.73425200823137, 41.91349451211824], [-87.733885479496, 41.913499459296794], [-87.73376756532366, 41.91350135821349], [-87.733646639159, 41.913502671850495], [-87.7335488066342, 41.91350387629681], [-87.73338437455595, 41.91350610455169], [-87.73254799125769, 41.913515512831886], [-87.7318434175223, 41.91352411295449], [-87.73132787799196, 41.9135319436521], [-87.73048984744176, 41.91354068340805], [-87.73010904801244, 41.91354683339778], [-87.72981281860037, 41.913550505411926], [-87.72889172763364, 41.91356116546221], [-87.7283380109417, 41.9135664137671], [-87.72796000120493, 41.91357128181193], [-87.72766549575115, 41.913575229327904], [-87.72708501824721, 41.91358278816876], [-87.7268516906859, 41.91358567238882], [-87.72644799289701, 41.91359126283714], [-87.72623530527892, 41.91359304879887], [-87.72575263305849, 41.9135928973409], [-87.72557353673366, 41.913591606250066], [-87.72523968722183, 41.91358880966759], [-87.7250266148859, 41.913586652006714], [-87.72470332770061, 41.91358390981922], [-87.72436302626994, 41.91358347796792], [-87.72419264631783, 41.91358326003635], [-87.72400291142931, 41.91362088255513], [-87.7239564166316, 41.913621088893294], [-87.72390305591502, 41.913621325183215], [-87.72371695272739, 41.913621899054405], [-87.72360459162103, 41.91362287931005], [-87.72349773538444, 41.913623811029936], [-87.72317912433603, 41.91362658910186], [-87.7223475485177, 41.91363511245053], [-87.7223474437952, 41.913635113814266], [-87.72223159440101, 41.91363630083882], [-87.72215029782129, 41.91363723999638], [-87.72155260514943, 41.91366289627318], [-87.72153508465647, 41.91366364842326], [-87.72144920674965, 41.91366733434982], [-87.72133984442492, 41.91367202869194], [-87.72122790472605, 41.913659769317434], [-87.72111480642707, 41.91365418449078], [-87.72100205921515, 41.913648617341536], [-87.72079629813179, 41.91365026413803], [-87.7203480157773, 41.91365576132111], [-87.72023962137946, 41.91365689776851], [-87.71968435800282, 41.913659763207825], [-87.71919060786891, 41.91366535618073], [-87.71910860628527, 41.91366662805211], [-87.71887689873438, 41.913669509395916], [-87.7185627727653, 41.91366920014454], [-87.71824914995419, 41.913664433351315], [-87.71788239410196, 41.91364232305606], [-87.71755129357715, 41.91364285556456], [-87.71751419205951, 41.91364207317032], [-87.71742043326655, 41.91364009555067], [-87.71715134560321, 41.91363659371709], [-87.71693549435037, 41.913636807606686], [-87.71665846434865, 41.913638409064916], [-87.71665595986536, 41.91354916525296], [-87.71625167995066, 41.913553606681724], [-87.7159212048, 41.91355715403661], [-87.71584837605589, 41.91355825034348], [-87.71514712526162, 41.91356882350017], [-87.7150394061264, 41.913569245722144], [-87.71489346185538, 41.91356981762706], [-87.71433284330514, 41.9135775267989], [-87.7142359110892, 41.913578705646266], [-87.71408731692381, 41.9135805114138], [-87.71375484615058, 41.91358527667524], [-87.71354870282798, 41.913588500075655], [-87.71341692303793, 41.91358940231888], [-87.71333577965041, 41.91358995763262], [-87.71275205445359, 41.913597369666704], [-87.71260746421473, 41.913599168538994], [-87.71242759955058, 41.91360140602112], [-87.71212114777458, 41.91360542908759], [-87.71195910324049, 41.913607543525885], [-87.7117983111974, 41.91360954129896], [-87.71161601952731, 41.91361180608501], [-87.71111684765938, 41.91361763684751], [-87.71098247952824, 41.91361864329151], [-87.71080648104288, 41.913619961209704], [-87.71028178136868, 41.91362891557709], [-87.71017982705574, 41.91362974843759], [-87.70999724299432, 41.91363124068163], [-87.70954615185185, 41.91363455393666], [-87.70935962513211, 41.913638050089304], [-87.70916931273183, 41.91364161701845], [-87.70869611562847, 41.91364749584287], [-87.70854809520077, 41.91364917269963], [-87.70837533855679, 41.91365112939177], [-87.70806036342182, 41.91365506778701], [-87.70772726959294, 41.91365963300224], [-87.7075388036689, 41.913662215523246], [-87.70702498262713, 41.913664716501216], [-87.70685459550177, 41.91371601633471], [-87.70685659943703, 41.91377310948325], [-87.7066804124941, 41.91377614013222], [-87.70599100955279, 41.91378266631918], [-87.70583301146509, 41.91378420393355], [-87.70516699774254, 41.91378996303248], [-87.70502785967103, 41.91379249348985], [-87.70383849939947, 41.91380486686142], [-87.70333534029892, 41.91380997618082], [-87.70246499189692, 41.91381651737837], [-87.70232540321807, 41.913818862886565], [-87.70232710867808, 41.913881827397155], [-87.7023282087125, 41.91392244395042], [-87.70198050822424, 41.91392121958868], [-87.70197787605984, 41.91383887872347], [-87.70197787128554, 41.913838729411054], [-87.70196207936743, 41.913316292928414], [-87.70194877106904, 41.91286608341744], [-87.70193567483045, 41.91242792221504], [-87.70192731886577, 41.91214222228425], [-87.7019223747121, 41.91197318469416], [-87.70190984970995, 41.91158892328873], [-87.70189365934048, 41.91106216114], [-87.70188094201423, 41.910656438712564], [-87.70187196180714, 41.91037104398447], [-87.70186767558027, 41.91022887298228], [-87.70186599251484, 41.910173043555254], [-87.70194444681951, 41.91017293654929], [-87.70221558767248, 41.91017256707241], [-87.70266192344381, 41.910171957339934], [-87.70279847357212, 41.91017017787493], [-87.70337751590732, 41.9101626304463], [-87.70401321563696, 41.910154341229735], [-87.70451463251344, 41.91014919383565], [-87.70532936401582, 41.91012972970375], [-87.70566225110947, 41.910126071219665], [-87.70654090080619, 41.91011641052618], [-87.70696046604998, 41.91011532840282], [-87.7069862442312, 41.91006326628664], [-87.70699232043577, 41.910010531661875], [-87.70700030993855, 41.9098546753335], [-87.70700477564094, 41.90957072639378], [-87.70699507197963, 41.90930064086115], [-87.7069909745907, 41.90919109586353], [-87.70698356741724, 41.90899305953022], [-87.7069785608238, 41.90885735701652], [-87.70697068808687, 41.908645733623686], [-87.70696386717414, 41.908373907460366], [-87.70696128690618, 41.908287834197814], [-87.7069568305655, 41.908139182156454], [-87.70694535169105, 41.90777259958339], [-87.70693670764547, 41.9075144571637], [-87.70693208623356, 41.907381309401984], [-87.70692710559098, 41.907237786195374], [-87.70691857903914, 41.90691498994172], [-87.70690871683581, 41.90662360814967], [-87.70690351434757, 41.90647738448348], [-87.70689744901414, 41.906306916825145], [-87.70688874793255, 41.9059681758323], [-87.70688129204342, 41.90569747121174], [-87.70687733075185, 41.90557129736607], [-87.70687512928083, 41.90550116986142], [-87.70686337032917, 41.905174623986795], [-87.70685464656954, 41.9048645326251], [-87.70684833638421, 41.90466551337292], [-87.70684378046964, 41.90452182803338], [-87.70683303494204, 41.904211890259184], [-87.70682227505482, 41.90389591506916], [-87.7068184166837, 41.903759533184434], [-87.70681403035097, 41.90360448705856], [-87.7068065869955, 41.90338139489769], [-87.70679354619473, 41.90301694399331], [-87.70678981334441, 41.90285029822992], [-87.70678940164524, 41.902831915633755], [-87.70678880775723, 41.90280541596281], [-87.70678607893207, 41.90268358823796], [-87.70677555934886, 41.90237688979342], [-87.70676637488472, 41.90215911190315], [-87.70676266889072, 41.90199559002621], [-87.70675898330585, 41.901871612441816], [-87.70675703917647, 41.90180174782044], [-87.70675642071282, 41.90177952956974], [-87.70674318789379, 41.90137465489243], [-87.70673572082768, 41.901150272720656], [-87.70673108831421, 41.90100601003335], [-87.70672552720066, 41.90083281855727], [-87.70671621314206, 41.900541878514304], [-87.70670822035277, 41.9002548150418], [-87.70670402489603, 41.90013615434206], [-87.70669760215767, 41.89995450999953], [-87.7066837691328, 41.89950964835923], [-87.70667857197745, 41.8993123641337], [-87.70667445662725, 41.899195400613614], [-87.70653791299965, 41.89919718914946], [-87.70613375496664, 41.89920065639599], [-87.70596150308607, 41.899202301622495], [-87.7052471861656, 41.899208989594506], [-87.70464532013955, 41.89921417576208], [-87.70440707695163, 41.89921647792951], [-87.7039800058709, 41.899220602715324], [-87.70386469429559, 41.899221639176346], [-87.70324218073893, 41.899227231698774], [-87.70302206291507, 41.89922929921588], [-87.70277744264772, 41.89923159620342], [-87.70246754478194, 41.89923387929248], [-87.7021906080879, 41.89923591900051], [-87.70195112884973, 41.89923835664388], [-87.70195431712199, 41.898914696743525], [-87.70194583118712, 41.898609024238716], [-87.70193899707094, 41.898363130319524], [-87.70193177366981, 41.898104555865594], [-87.70192911195801, 41.89802224095764], [-87.70192344006121, 41.89784682600936], [-87.7019120132338, 41.897463118556864], [-87.7019006898379, 41.8970912944775], [-87.70189539708863, 41.8969201343325], [-87.7018885504203, 41.89668348643633], [-87.70188087482326, 41.89641819920342], [-87.70223367989682, 41.896559025470324], [-87.7022263126606, 41.896318495185284], [-87.70221651074954, 41.89600087788641], [-87.70221005850098, 41.89580191247382], [-87.70220404707652, 41.89559488552748], [-87.70203544743492, 41.8955964793636], [-87.70189872918803, 41.895597483990805], [-87.7017660780481, 41.89559949326158], [-87.70172514097165, 41.89560011333365], [-87.70160896119708, 41.89560187273139], [-87.70098089838014, 41.895615046016125], [-87.70055740198973, 41.89562264733382], [-87.69991108718368, 41.8956287375089], [-87.69929701086741, 41.89563452070983], [-87.69916127873476, 41.8956361158871], [-87.69894432676374, 41.89563866509757], [-87.69860721811817, 41.89564256518496], [-87.69824638346103, 41.895646387953725], [-87.69794554235257, 41.89564882201344], [-87.69729151477692, 41.895654110803655], [-87.69698600387753, 41.8956533150541], [-87.69670263372937, 41.895653518299376], [-87.69669618066673, 41.89545240329528], [-87.69668875635996, 41.89519775156016], [-87.69668528310117, 41.895079565331834], [-87.69666968390908, 41.894722260844176], [-87.69666554981029, 41.894627534469976], [-87.6966711167717, 41.89433327355716], [-87.69646185830555, 41.89424953873648], [-87.69595803445057, 41.894047538472755], [-87.6955916916616, 41.893900718699], [-87.69507997068003, 41.893695625162295], [-87.69416547439197, 41.893329762214144], [-87.69402806996372, 41.8932747898087], [-87.69367797849787, 41.89313447564327], [-87.69321243749702, 41.892947742985356], [-87.69279608249462, 41.892781794630025], [-87.69248594502302, 41.89265818021583], [-87.69226437439502, 41.892569018031416], [-87.6916677819315, 41.89233237886836], [-87.69170143236083, 41.892003794188525], [-87.69164800124334, 41.89191212694889], [-87.69164529079517, 41.89176185636367], [-87.69162352773711, 41.89055529564389], [-87.69162081115253, 41.89040469156342], [-87.69160649260219, 41.88961084281958], [-87.69158683545207, 41.888520984382545], [-87.69158412810917, 41.8884361773643], [-87.69157000948773, 41.888195634180995]]]]}, "properties": {"community": "HUMBOLDT PARK", "shape_area": "100480876.502", "area_num_1": "23", "area_numbe": "23", "shape_len": "48583.0643299"}}, {"type": "Feature", "geometry": {"type": "MultiPolygon", "coordinates": [[[[-87.65686079759237, 41.91078450957379], [-87.6568513032891, 41.91074463321419], [-87.65693683468854, 41.910521551191366], [-87.65800830496748, 41.910164590250005], [-87.65894982240914, 41.90985076683943], [-87.65918674100048, 41.9092003587293], [-87.6592287748729, 41.90907019881595], [-87.65748556600806, 41.909090318520064], [-87.65749024392679, 41.90907811611322], [-87.65750697528708, 41.9090344751132], [-87.65751738126923, 41.908977867987076], [-87.65757623080998, 41.90885980075845], [-87.6576805828008, 41.908577868776185], [-87.65769059376034, 41.908577653257524], [-87.65773586117479, 41.90844109222852], [-87.65775179939365, 41.90836846387065], [-87.65776508382136, 41.9082513633481], [-87.65778769856458, 41.908113434111655], [-87.65794627846881, 41.907122698199814], [-87.65794752587148, 41.90711490670386], [-87.6579586909391, 41.90704515005553], [-87.65816987520536, 41.90566919924368], [-87.65822805988866, 41.90536249435305], [-87.65828901180902, 41.90504119538742], [-87.65815726863988, 41.904526206720476], [-87.65749659930387, 41.903602425748666], [-87.65744029614429, 41.903529182543735], [-87.65742450944009, 41.90350864590454], [-87.65739154274362, 41.90346576035875], [-87.6573402724208, 41.90339906346051], [-87.65647438815625, 41.90262200985959], [-87.6561847175665, 41.901922031680265], [-87.65616612421279, 41.9017083657184], [-87.65616058788287, 41.90169222441415], [-87.65602297927511, 41.901421312382496], [-87.65591657729557, 41.90121183394508], [-87.65588779533023, 41.901168552498085], [-87.65538096866017, 41.900812954368874], [-87.65516171977909, 41.90074135847824], [-87.65450732628875, 41.90052766166025], [-87.65445494642195, 41.90051371315732], [-87.65343196122213, 41.90028353909321], [-87.6529071551462, 41.900177137587114], [-87.65257643046077, 41.90011708197098], [-87.65255325642406, 41.90011669760461], [-87.65252594501892, 41.900125427006486], [-87.6524772053324, 41.90013537402687], [-87.65219490499172, 41.90009503360166], [-87.65211561076202, 41.90008018343904], [-87.65202654099039, 41.900055450861814], [-87.65189956535318, 41.90001320460053], [-87.65168366464772, 41.89990852042607], [-87.65160100747984, 41.89986656928578], [-87.65135543331856, 41.89974193144523], [-87.65133971763953, 41.89973145584533], [-87.65128824853558, 41.899697147985215], [-87.65123298152136, 41.899660307939435], [-87.65103258069415, 41.89951904915513], [-87.6508628661697, 41.8994121899922], [-87.64973511575708, 41.89855612113229], [-87.64967373243672, 41.89851068931551], [-87.64939841219034, 41.89830691440105], [-87.64878990113318, 41.898087778766346], [-87.6479003579845, 41.89796837929382], [-87.64782898072374, 41.897963387087835], [-87.64631503893047, 41.897857489353], [-87.6454082642206, 41.897763321478706], [-87.64488578605847, 41.897694018807975], [-87.64478012676919, 41.897541971283495], [-87.64461370484145, 41.897398754904025], [-87.64443161890595, 41.8972420576542], [-87.64423178154094, 41.89663645246241], [-87.64422160388669, 41.89645465846833], [-87.64419243979461, 41.89593370370053], [-87.64417347718542, 41.895477785118466], [-87.64414429937231, 41.894776254443705], [-87.64413896536631, 41.8946757287485], [-87.64413724698281, 41.89464308643905], [-87.64413195021122, 41.89454248138184], [-87.64412806970736, 41.89446951599698], [-87.6441261643797, 41.89443379929311], [-87.64412541023715, 41.89441966469019], [-87.6441212971369, 41.894347905646335], [-87.64411665254151, 41.894274305047034], [-87.64407483891142, 41.89413911966315], [-87.64405849747573, 41.8941183849132], [-87.6440400547546, 41.894094920753], [-87.6439769336601, 41.89402168235087], [-87.64381128745852, 41.89391915106606], [-87.64378764456383, 41.893894310963816], [-87.64377722155788, 41.89388332631164], [-87.64373119747553, 41.89381872501363], [-87.64369649894401, 41.8937597079044], [-87.64367319978847, 41.893719995801376], [-87.64365581380686, 41.89369047316002], [-87.6436473019282, 41.893675998875615], [-87.64362706734092, 41.89364159029511], [-87.64355315304569, 41.89353724977881], [-87.64349508119147, 41.893506933593336], [-87.64342287664893, 41.893472416389876], [-87.64336522318095, 41.893444188547065], [-87.64327098090185, 41.893402952939006], [-87.64321544010909, 41.893376301657305], [-87.64294310923772, 41.89321503241258], [-87.64289247137677, 41.89317312532188], [-87.64280457925157, 41.89310503370715], [-87.64271570753768, 41.89303583843831], [-87.64257330905212, 41.892944037924515], [-87.6424501272061, 41.89286862617845], [-87.64228411704065, 41.892735656891695], [-87.64213097204505, 41.892594943722834], [-87.64207460726135, 41.89253929432932], [-87.64203770105293, 41.892502855632365], [-87.64199672020278, 41.892454878668524], [-87.64192666177308, 41.89237285888281], [-87.64190571319726, 41.89235362517202], [-87.6418020868505, 41.89225652008932], [-87.64173954243165, 41.89219154434405], [-87.64157415757566, 41.89204850615805], [-87.64150556017954, 41.89196933327773], [-87.64145693721672, 41.89190422143233], [-87.64139702170625, 41.891816922963784], [-87.64133359829096, 41.89172460881067], [-87.64126742860675, 41.89162810682857], [-87.6411916554222, 41.89143456554347], [-87.64117809795458, 41.89141275220493], [-87.64116075394715, 41.891384845786085], [-87.6410920109532, 41.89126821292011], [-87.6410372385747, 41.89118429350455], [-87.64093914767773, 41.891044129869094], [-87.64086337059724, 41.89093618112709], [-87.64068444442788, 41.89066672154609], [-87.64066876157753, 41.8906431027887], [-87.64041394817454, 41.89033744898708], [-87.64029904579412, 41.890203495370066], [-87.64020324746399, 41.89009279088025], [-87.64012224896831, 41.88999918993116], [-87.6399992957304, 41.889862635266255], [-87.639989863542, 41.889852523426285], [-87.63987549427004, 41.88972991727975], [-87.63978968498007, 41.88963636936776], [-87.6397171175687, 41.88955453694698], [-87.63964050080463, 41.88946680734669], [-87.63959663491897, 41.88941725582093], [-87.63954065419563, 41.88935369035063], [-87.63943528456821, 41.889228300586254], [-87.63936098294354, 41.88908028424291], [-87.63949130698336, 41.88907079044573], [-87.63970201846317, 41.8890552776882], [-87.63982844588212, 41.88904760739371], [-87.63997325240912, 41.8890479881135], [-87.64023828809327, 41.88904765912209], [-87.64025615863756, 41.88904741791149], [-87.64035397414963, 41.889046142139456], [-87.64046898009312, 41.88904458581054], [-87.64053524312709, 41.88904372324013], [-87.64063233980052, 41.88904096100496], [-87.64067598853279, 41.889042706179005], [-87.64081267636229, 41.889077229818845], [-87.64097470194048, 41.88907472161896], [-87.64110413644934, 41.88906966382579], [-87.64110578981851, 41.88906959914894], [-87.64114560587132, 41.88906804304718], [-87.64128155315521, 41.88906273067672], [-87.64139249010549, 41.88905839560579], [-87.64154208167832, 41.88905254960631], [-87.64158920449155, 41.88905070805889], [-87.6419192816483, 41.889055549897954], [-87.64196243880966, 41.88905520408037], [-87.64236590051257, 41.88905274958989], [-87.64267585528629, 41.88905052525016], [-87.64287448569196, 41.88904902650314], [-87.64311506060261, 41.88904721091983], [-87.64368621815095, 41.88904084521365], [-87.64402811078061, 41.88903647669239], [-87.64433392526661, 41.88903357263963], [-87.64433297240848, 41.888995346250425], [-87.6443311818588, 41.888923521773656], [-87.64433058438956, 41.88889955823207], [-87.64432709724318, 41.888759675759104], [-87.64432225747758, 41.88858220115582], [-87.6457770823129, 41.88857478385345], [-87.6475658372201, 41.888567527142946], [-87.64758261747055, 41.88904951588455], [-87.6476220354591, 41.88904907343745], [-87.64768806978434, 41.88904833188289], [-87.64779631287334, 41.889047116420265], [-87.64796123063033, 41.88904526463938], [-87.64825032805663, 41.88904201739667], [-87.64826477486382, 41.88904185522803], [-87.64841244841134, 41.889040196028795], [-87.64857455002495, 41.8890383748691], [-87.64872492088065, 41.88903339819797], [-87.64888297384482, 41.88902816634863], [-87.649160195007, 41.88902347912305], [-87.64933923006988, 41.889020429282354], [-87.64950298397746, 41.889017672360346], [-87.64963323769877, 41.88901548414675], [-87.64990133499983, 41.88901823148808], [-87.64996153372266, 41.889018848244355], [-87.65002296814009, 41.88901947781031], [-87.6502032042323, 41.88901744913771], [-87.65044672689258, 41.88901469884458], [-87.65057697262533, 41.889013223015276], [-87.65072315979113, 41.889011594816935], [-87.65090302854175, 41.889009535419824], [-87.65107191472491, 41.8890076500643], [-87.6511444573862, 41.88900685517773], [-87.65127848623698, 41.889005344495025], [-87.65144399324052, 41.88900352825857], [-87.6517080473552, 41.88900065022111], [-87.65197169638921, 41.88899776944731], [-87.65223573982676, 41.88899399084541], [-87.652484175623, 41.88899043578694], [-87.65279689887171, 41.888986800702405], [-87.65332975548156, 41.88897651047624], [-87.653399805915, 41.88897716483123], [-87.65383505454454, 41.888981230368096], [-87.65414777525453, 41.888977893730065], [-87.6545672213361, 41.888978053473835], [-87.65485717141749, 41.88897816291614], [-87.65507134952706, 41.888975394091396], [-87.65541739241948, 41.88897090612496], [-87.65573627149564, 41.888964207164236], [-87.65599459615238, 41.88895877969565], [-87.65638973696313, 41.88895468815199], [-87.65675226263392, 41.88895089705774], [-87.65697434803334, 41.88894837324631], [-87.65734659707127, 41.88894414193361], [-87.65772558058923, 41.88893983267889], [-87.65805491277422, 41.88893534849324], [-87.65825308963736, 41.88893151888046], [-87.6582672651031, 41.88893127647056], [-87.65854926432336, 41.88892645388322], [-87.65866459884126, 41.888924991029114], [-87.65883110086011, 41.888922813238715], [-87.65885265766151, 41.888922939852634], [-87.65887758242695, 41.88892758679785], [-87.65889907139963, 41.88893416197012], [-87.65892071786473, 41.888950205693384], [-87.65901838341159, 41.888921168867405], [-87.6593056001215, 41.88891928752184], [-87.65949254732378, 41.88891813437211], [-87.65988671644419, 41.88891567163635], [-87.660083690645, 41.888914439114025], [-87.66032694129476, 41.888913038665336], [-87.66038844949387, 41.88891265845133], [-87.66038849760766, 41.88891265818443], [-87.66048033471483, 41.88891099378854], [-87.66067605044135, 41.88886122729058], [-87.66084490977353, 41.888904385365656], [-87.66098445227709, 41.88890185584821], [-87.66116885228237, 41.8888985127147], [-87.66148778559263, 41.888894506388546], [-87.6619413380017, 41.88888739250382], [-87.66274799636957, 41.888882753158256], [-87.66365218296886, 41.88887754575744], [-87.66365280991967, 41.888877542004124], [-87.66423651265444, 41.88886878745599], [-87.66463112152144, 41.888862853251396], [-87.66479198096148, 41.88886046738403], [-87.66482377877595, 41.8888599955251], [-87.66511796431728, 41.88885542368402], [-87.66535192001423, 41.8888578001664], [-87.6654538730689, 41.88885765276601], [-87.6655748860608, 41.8888574777979], [-87.66594412953442, 41.88885391628335], [-87.66634690669234, 41.888849999506405], [-87.66685862191396, 41.88884517683525], [-87.66706868915429, 41.88885187687983], [-87.6672646029235, 41.888858125073924], [-87.66741251181487, 41.88885681492168], [-87.66776522287374, 41.888853727971174], [-87.66801425006942, 41.88885123851247], [-87.6681093069724, 41.88885028809675], [-87.66844492922807, 41.88884828008883], [-87.66877232422608, 41.888846333258535], [-87.66899138113773, 41.888845017307105], [-87.66932593148974, 41.88883916242704], [-87.66952238766642, 41.88883691867402], [-87.66967563620322, 41.88883555826117], [-87.66992931178768, 41.888831069006756], [-87.67016660431105, 41.88882689621907], [-87.67049598414775, 41.888821223767835], [-87.67073731889664, 41.888827511403285], [-87.67112754036393, 41.88881240852148], [-87.67134142166888, 41.88880981592312], [-87.67145587425031, 41.88880842871472], [-87.67165293321305, 41.888806051694765], [-87.67180881752446, 41.888804150657194], [-87.67196076780066, 41.88879978794359], [-87.67211292451957, 41.88879541908249], [-87.6723515468011, 41.8887904810481], [-87.67248239256837, 41.88878774891492], [-87.67257282785025, 41.88878618148884], [-87.67278550869811, 41.88878249504323], [-87.67298260739358, 41.888779814103124], [-87.6731712214882, 41.88877722126158], [-87.67336262685565, 41.88877461670935], [-87.6736090926231, 41.88877120302835], [-87.67383895530476, 41.88876807766355], [-87.67402742245348, 41.88876548257159], [-87.67424865362386, 41.88876244404269], [-87.67440143441367, 41.88875993660068], [-87.67465873040253, 41.88875571343397], [-87.67489700385993, 41.88875252442313], [-87.67529050265708, 41.888747205836886], [-87.67538703561678, 41.88874547547081], [-87.67573364496297, 41.888739261294674], [-87.67616873850281, 41.888731872715695], [-87.67627253091537, 41.888730116462746], [-87.67645602121523, 41.888727012507786], [-87.67684594637122, 41.88872043296583], [-87.67783227630068, 41.88870574754669], [-87.67874584252722, 41.88869108293127], [-87.67928985245716, 41.888687801398895], [-87.68173967939323, 41.888641032831444], [-87.68205775177873, 41.88863567441371], [-87.68248160293065, 41.88862860978862], [-87.68267349157432, 41.88862538872033], [-87.68294305390395, 41.88862088964935], [-87.68302703651592, 41.88861948792674], [-87.68337999492614, 41.88861358299923], [-87.68366264766213, 41.888608870377034], [-87.68390496886178, 41.88860480741412], [-87.68408662866872, 41.88860341966443], [-87.68418364110369, 41.88860180755523], [-87.68450067175526, 41.88859653911584], [-87.68481297139182, 41.88859086629915], [-87.68511541830715, 41.888586234714865], [-87.68530759656404, 41.88858336763052], [-87.68541048178461, 41.8885817530473], [-87.68555858652, 41.888578994441325], [-87.68568189961877, 41.88857669764074], [-87.68586299393193, 41.88857310849738], [-87.68599308500748, 41.88857227768152], [-87.68628039053345, 41.88859777178413], [-87.6866224219586, 41.88863493590919], [-87.6866225454548, 41.88861413497252], [-87.68662275102248, 41.88857951668833], [-87.68662316093335, 41.888510510628784], [-87.68662375197313, 41.88841087462768], [-87.68676692074715, 41.8884077837009], [-87.687235223005, 41.88840287303441], [-87.68738500641976, 41.88839033774282], [-87.68745896520961, 41.888385607727145], [-87.68757434745683, 41.88837013445918], [-87.68771275823207, 41.88834724387797], [-87.6878502922611, 41.88832023156321], [-87.68798603488517, 41.88828874907311], [-87.68805277578927, 41.88827128708749], [-87.68820785364021, 41.88823442449403], [-87.6883675348064, 41.88819621652094], [-87.68846692625074, 41.88817310532721], [-87.68867151040978, 41.888174593173225], [-87.68967923512082, 41.8881819167914], [-87.69157000948773, 41.888195634180995], [-87.69158412810917, 41.8884361773643], [-87.69158683545207, 41.888520984382545], [-87.69160649260219, 41.88961084281958], [-87.69162081115253, 41.89040469156342], [-87.69162352773711, 41.89055529564389], [-87.69164529079517, 41.89176185636367], [-87.69164800124334, 41.89191212694889], [-87.69170143236083, 41.892003794188525], [-87.6916677819315, 41.89233237886836], [-87.69226437439502, 41.892569018031416], [-87.69248594502302, 41.89265818021583], [-87.69279608249462, 41.892781794630025], [-87.69321243749702, 41.892947742985356], [-87.69367797849787, 41.89313447564327], [-87.69402806996372, 41.8932747898087], [-87.69416547439197, 41.893329762214144], [-87.69507997068003, 41.893695625162295], [-87.6955916916616, 41.893900718699], [-87.69595803445057, 41.894047538472755], [-87.69646185830555, 41.89424953873648], [-87.6966711167717, 41.89433327355716], [-87.69666554981029, 41.894627534469976], [-87.69666968390908, 41.894722260844176], [-87.69668528310117, 41.895079565331834], [-87.69668875635996, 41.89519775156016], [-87.69669618066673, 41.89545240329528], [-87.69670263372937, 41.895653518299376], [-87.69698600387753, 41.8956533150541], [-87.69729151477692, 41.895654110803655], [-87.69794554235257, 41.89564882201344], [-87.69824638346103, 41.895646387953725], [-87.69860721811817, 41.89564256518496], [-87.69894432676374, 41.89563866509757], [-87.69916127873476, 41.8956361158871], [-87.69929701086741, 41.89563452070983], [-87.69991108718368, 41.8956287375089], [-87.70055740198973, 41.89562264733382], [-87.70098089838014, 41.895615046016125], [-87.70160896119708, 41.89560187273139], [-87.70172514097165, 41.89560011333365], [-87.7017660780481, 41.89559949326158], [-87.70189872918803, 41.895597483990805], [-87.70203544743492, 41.8955964793636], [-87.70220404707652, 41.89559488552748], [-87.70221005850098, 41.89580191247382], [-87.70221651074954, 41.89600087788641], [-87.7022263126606, 41.896318495185284], [-87.70223367989682, 41.896559025470324], [-87.70188087482326, 41.89641819920342], [-87.7018885504203, 41.89668348643633], [-87.70189539708863, 41.8969201343325], [-87.7019006898379, 41.8970912944775], [-87.7019120132338, 41.897463118556864], [-87.70192344006121, 41.89784682600936], [-87.70192911195801, 41.89802224095764], [-87.70193177366981, 41.898104555865594], [-87.70193899707094, 41.898363130319524], [-87.70194583118712, 41.898609024238716], [-87.70195431712199, 41.898914696743525], [-87.70195112884973, 41.89923835664388], [-87.7021906080879, 41.89923591900051], [-87.70246754478194, 41.89923387929248], [-87.70277744264772, 41.89923159620342], [-87.70302206291507, 41.89922929921588], [-87.70324218073893, 41.899227231698774], [-87.70386469429559, 41.899221639176346], [-87.7039800058709, 41.899220602715324], [-87.70440707695163, 41.89921647792951], [-87.70464532013955, 41.89921417576208], [-87.7052471861656, 41.899208989594506], [-87.70596150308607, 41.899202301622495], [-87.70613375496664, 41.89920065639599], [-87.70653791299965, 41.89919718914946], [-87.70667445662725, 41.899195400613614], [-87.70667857197745, 41.8993123641337], [-87.7066837691328, 41.89950964835923], [-87.70669760215767, 41.89995450999953], [-87.70670402489603, 41.90013615434206], [-87.70670822035277, 41.9002548150418], [-87.70671621314206, 41.900541878514304], [-87.70672552720066, 41.90083281855727], [-87.70673108831421, 41.90100601003335], [-87.70673572082768, 41.901150272720656], [-87.70674318789379, 41.90137465489243], [-87.70675642071282, 41.90177952956974], [-87.70675703917647, 41.90180174782044], [-87.70675898330585, 41.901871612441816], [-87.70676266889072, 41.90199559002621], [-87.70676637488472, 41.90215911190315], [-87.70677555934886, 41.90237688979342], [-87.70678607893207, 41.90268358823796], [-87.70678880775723, 41.90280541596281], [-87.70678940164524, 41.902831915633755], [-87.70678981334441, 41.90285029822992], [-87.70679354619473, 41.90301694399331], [-87.7068065869955, 41.90338139489769], [-87.70681403035097, 41.90360448705856], [-87.7068184166837, 41.903759533184434], [-87.70682227505482, 41.90389591506916], [-87.70683303494204, 41.904211890259184], [-87.70684378046964, 41.90452182803338], [-87.70684833638421, 41.90466551337292], [-87.70685464656954, 41.9048645326251], [-87.70686337032917, 41.905174623986795], [-87.70687512928083, 41.90550116986142], [-87.70687733075185, 41.90557129736607], [-87.70688129204342, 41.90569747121174], [-87.70688874793255, 41.9059681758323], [-87.70689744901414, 41.906306916825145], [-87.70690351434757, 41.90647738448348], [-87.70690871683581, 41.90662360814967], [-87.70691857903914, 41.90691498994172], [-87.70692710559098, 41.907237786195374], [-87.70693208623356, 41.907381309401984], [-87.70693670764547, 41.9075144571637], [-87.70694535169105, 41.90777259958339], [-87.7069568305655, 41.908139182156454], [-87.70696128690618, 41.908287834197814], [-87.70696386717414, 41.908373907460366], [-87.70697068808687, 41.908645733623686], [-87.7069785608238, 41.90885735701652], [-87.70698356741724, 41.90899305953022], [-87.7069909745907, 41.90919109586353], [-87.70699507197963, 41.90930064086115], [-87.70700477564094, 41.90957072639378], [-87.70700030993855, 41.9098546753335], [-87.70699232043577, 41.910010531661875], [-87.7069862442312, 41.91006326628664], [-87.70696046604998, 41.91011532840282], [-87.70654090080619, 41.91011641052618], [-87.70566225110947, 41.910126071219665], [-87.70532936401582, 41.91012972970375], [-87.70451463251344, 41.91014919383565], [-87.70401321563696, 41.910154341229735], [-87.70337751590732, 41.9101626304463], [-87.70279847357212, 41.91017017787493], [-87.70266192344381, 41.910171957339934], [-87.70221558767248, 41.91017256707241], [-87.70194444681951, 41.91017293654929], [-87.70186599251484, 41.910173043555254], [-87.70186767558027, 41.91022887298228], [-87.70187196180714, 41.91037104398447], [-87.70188094201423, 41.910656438712564], [-87.70189365934048, 41.91106216114], [-87.70190984970995, 41.91158892328873], [-87.7019223747121, 41.91197318469416], [-87.70192731886577, 41.91214222228425], [-87.70193567483045, 41.91242792221504], [-87.70194877106904, 41.91286608341744], [-87.70196207936743, 41.913316292928414], [-87.70197787128554, 41.913838729411054], [-87.70197787605984, 41.91383887872347], [-87.70198050822424, 41.91392121958868], [-87.70163359403254, 41.913919507007826], [-87.70133346702019, 41.91392246582235], [-87.70108738960204, 41.91392525494822], [-87.70094585352135, 41.91392654634599], [-87.70077415018493, 41.91392811265934], [-87.70046984493914, 41.91393033269889], [-87.70035202316055, 41.91393140938757], [-87.70025254307093, 41.91393231814668], [-87.6998823089125, 41.91393623129284], [-87.69954295798678, 41.91393798111431], [-87.69930060191186, 41.91393968925807], [-87.69919335738604, 41.91394101415975], [-87.69902582416043, 41.91394308387287], [-87.6987710023608, 41.913945874613766], [-87.69863813218828, 41.913947568629794], [-87.69846620283991, 41.91394976059215], [-87.69823925699282, 41.91395166091696], [-87.69816922928992, 41.913962878657856], [-87.69812301346151, 41.91397645612513], [-87.6980641015704, 41.91398840817854], [-87.69798633461498, 41.91399668178945], [-87.69764970631695, 41.914003228939194], [-87.69761311086404, 41.91400347310017], [-87.6973528980539, 41.914005207797196], [-87.69709689878243, 41.91400370730011], [-87.69709389176884, 41.91390654513336], [-87.69680469807055, 41.91390877579737], [-87.69664530633193, 41.91391001340505], [-87.69648187211065, 41.913911355977795], [-87.6962962816742, 41.913912880010784], [-87.69587035817645, 41.91391743282994], [-87.69566931513603, 41.9139195810929], [-87.69525955324096, 41.91392291761083], [-87.6948327415975, 41.91392662273388], [-87.69465011138601, 41.91392846490156], [-87.6944592020076, 41.91393039024286], [-87.6940347288967, 41.913935300248575], [-87.6940123147173, 41.91393555937274], [-87.693621734803, 41.9139385981068], [-87.69342572872976, 41.91394015771574], [-87.69318360841292, 41.91394208395329], [-87.69281359444672, 41.91394594205286], [-87.69242772221044, 41.91394851506081], [-87.69220339183684, 41.913949893905006], [-87.69199720935733, 41.91395116072093], [-87.69158248294858, 41.91395499068873], [-87.69129829720563, 41.913958588651724], [-87.69116039509869, 41.91396015037911], [-87.69105153258575, 41.91395657746366], [-87.69103962304189, 41.91394981492397], [-87.69102122251425, 41.913938186228066], [-87.69101550329253, 41.9139259698515], [-87.69101465956679, 41.91392415448841], [-87.69101320156948, 41.91392101736075], [-87.69099390433915, 41.91386888812909], [-87.6909912186287, 41.913861632726736], [-87.69095942203758, 41.91386798035749], [-87.6909421518696, 41.91392407762866], [-87.69094139687469, 41.91392502839715], [-87.6909277514519, 41.913942218757114], [-87.69090731328919, 41.91395426135425], [-87.69087016209333, 41.91396225902022], [-87.6907759870521, 41.91396321367404], [-87.69062202856593, 41.913964821840715], [-87.69037859742946, 41.913967493056774], [-87.68998001028945, 41.91397028246999], [-87.68975740725831, 41.913971960943314], [-87.68952487328981, 41.91397371392999], [-87.68904541553329, 41.91397700712496], [-87.6887288266651, 41.91398036202523], [-87.6886821638085, 41.913980878600846], [-87.68853709384489, 41.91398248475104], [-87.68835550394803, 41.91398449508519], [-87.68790054961214, 41.91398797601659], [-87.68761821686245, 41.913989956189866], [-87.68750953402272, 41.913990442662175], [-87.68731554881292, 41.913994801771985], [-87.68713642474714, 41.91399882651578], [-87.68662172307289, 41.91400671364801], [-87.68603900934752, 41.914015148135896], [-87.68551714655976, 41.914022688082085], [-87.68494214348385, 41.91403157213822], [-87.68468221480676, 41.91403507005848], [-87.68429575561, 41.91404026938315], [-87.68403834965453, 41.914044400575406], [-87.68392274343316, 41.91404625586081], [-87.68315485380468, 41.91405856844292], [-87.68312066228508, 41.9140360357041], [-87.68303391772191, 41.913978869532805], [-87.68273210341005, 41.9137834998046], [-87.6826534629162, 41.91373259466868], [-87.68241950808192, 41.913582235852516], [-87.6824266076866, 41.91385043597223], [-87.68243036400071, 41.91399489433427], [-87.68243122893121, 41.91402815491616], [-87.68243327676679, 41.914106881473174], [-87.6824414285626, 41.91442033192657], [-87.68244686307833, 41.91461915474849], [-87.68192433995742, 41.91463004919258], [-87.68134793970715, 41.91464206372631], [-87.68126846301926, 41.9146437156049], [-87.6805321595262, 41.91465901545798], [-87.68035855996399, 41.91466262195457], [-87.68001388420382, 41.91467004445536], [-87.67974261338418, 41.914675884870256], [-87.67949085617792, 41.91468047297598], [-87.67858947453551, 41.914696894898114], [-87.6784264624873, 41.914699840952785], [-87.67808085120686, 41.91470611977062], [-87.67755510272826, 41.9147157176932], [-87.67755172648222, 41.914456999885836], [-87.67754656150683, 41.91423028137067], [-87.67754520616813, 41.91417081001246], [-87.67632589085122, 41.91417880797468], [-87.67571867808168, 41.91419797248237], [-87.67570177199619, 41.914198506008574], [-87.67522604175636, 41.914199951647944], [-87.67511159287515, 41.914204937780724], [-87.67496050983219, 41.914211519460515], [-87.67448269319692, 41.91421933999558], [-87.67436580210506, 41.91422125265354], [-87.67389122635788, 41.91422966533958], [-87.67361270554308, 41.91423460139551], [-87.67320537214829, 41.91424097001542], [-87.67305570333957, 41.91424330980017], [-87.67266732683854, 41.91425042519629], [-87.67243555384626, 41.91425467071832], [-87.67195656246419, 41.91426234088297], [-87.67144720224759, 41.91427158893398], [-87.6712337418241, 41.91427546393266], [-87.67092782431645, 41.91428061502591], [-87.67084406563671, 41.914282026425475], [-87.67023144658617, 41.91429234726252], [-87.66901169252041, 41.91425364769035], [-87.6688904261376, 41.91425488950605], [-87.66792950304564, 41.91427024927388], [-87.66788223393864, 41.914281840293704], [-87.66780074682038, 41.91430182185922], [-87.6676855084807, 41.914286856169234], [-87.66768481978987, 41.91428676683135], [-87.66759832411056, 41.91427553379815], [-87.66743699456741, 41.914281244579584], [-87.66736536372036, 41.914286874418806], [-87.66723257903215, 41.91429805176604], [-87.66708818100618, 41.914310993898724], [-87.66700689443942, 41.914318661061465], [-87.66681142200228, 41.91433854518048], [-87.66658166740768, 41.91439484011829], [-87.6664877379047, 41.914417963914744], [-87.66639887488456, 41.914439744398244], [-87.66621424124972, 41.91448498071855], [-87.66611936481497, 41.91451084266591], [-87.66602674157845, 41.914540833972474], [-87.66593637189264, 41.914574954645666], [-87.66582841873368, 41.91462166509098], [-87.6654187335024, 41.91480040215167], [-87.66536014241935, 41.91482578819562], [-87.66525480583829, 41.914891662822214], [-87.66512300937399, 41.91492868917063], [-87.66485404527327, 41.915045125489584], [-87.66417628110732, 41.91534270013063], [-87.66389764165564, 41.9154618220396], [-87.66381368021074, 41.91549769326155], [-87.66362056000779, 41.91561500575748], [-87.66362045479345, 41.915614983464415], [-87.66302887730355, 41.915488257288004], [-87.66298260797733, 41.91550346462411], [-87.66287399044708, 41.91554308829119], [-87.66278863988045, 41.915567727031934], [-87.66273297508894, 41.915574921138045], [-87.66269079981491, 41.91558159027399], [-87.66264862736936, 41.91559149760022], [-87.66261038808827, 41.91561171874148], [-87.66256082117577, 41.91564010638256], [-87.66251544501935, 41.915664731449986], [-87.66244891656957, 41.915691840206705], [-87.66238185081369, 41.915735163624575], [-87.66235807624383, 41.91575999717747], [-87.66227636053182, 41.915809382271085], [-87.66221580778316, 41.91583070777658], [-87.66215115800729, 41.91586784349788], [-87.66206618406179, 41.915919514546836], [-87.66197621312776, 41.915946787571265], [-87.66186408551759, 41.91598811861884], [-87.6617810412283, 41.916013538477614], [-87.66173397730856, 41.91603431144375], [-87.66162234099582, 41.916081353121825], [-87.66151276162473, 41.916121463554546], [-87.66143738668718, 41.91614412919747], [-87.6613289267295, 41.91617911484695], [-87.6612596300376, 41.916179312727785], [-87.66117222592322, 41.9161824234962], [-87.66113153903054, 41.91617675174516], [-87.66105709974092, 41.91615932917198], [-87.66101531226042, 41.91615000111299], [-87.66092978289922, 41.916118023999445], [-87.66086959244164, 41.91607326990701], [-87.66073539840212, 41.91596963026897], [-87.66065153183139, 41.91592975931115], [-87.66059985007573, 41.9159039900957], [-87.66047768507075, 41.91582355447125], [-87.66026814793703, 41.915711761480864], [-87.66020818752745, 41.91566967028944], [-87.66008389800294, 41.915588672944125], [-87.66004700725225, 41.9155644460146], [-87.66004171464901, 41.91556109309276], [-87.65993751097481, 41.91549525173226], [-87.65990588074851, 41.915473908232656], [-87.65986984530609, 41.91545130398461], [-87.65954698200194, 41.9153072863229], [-87.65937015570343, 41.915208663828054], [-87.65923478593983, 41.9151473589676], [-87.65914900667575, 41.91508093377952], [-87.65865084324643, 41.91470773454828], [-87.65830802492621, 41.91436256329235], [-87.65807722707174, 41.914108058041975], [-87.65786196921181, 41.91380863948129], [-87.65771538145599, 41.91342524172496], [-87.65759512579099, 41.9128145292919], [-87.6575305693822, 41.91264892975118], [-87.65746243579561, 41.912480840405806], [-87.65741201035196, 41.91235643800974], [-87.6572901023313, 41.91202984308417], [-87.65711744557086, 41.911572214058076], [-87.65705738512676, 41.91143574654681], [-87.65701224668909, 41.911274366957116], [-87.65693010338987, 41.911075585052906], [-87.65686079759237, 41.91078450957379]]]]}, "properties": {"community": "WEST TOWN", "shape_area": "127562904.597", "area_num_1": "24", "area_numbe": "24", "shape_len": "55203.7186956"}}], "crs": {"type": "name", "properties": {"name": "urn:ogc:def:crs:OGC:1.3:CRS84"}}}